Learner ID,Date,Daily_Questions,User_Name,Day_Number,Cumulative_Questions,Classroom_Expected
1057956015,2025-02-25,24,User 11,1,24,10
1057956015,2025-03-07,16,User 11,2,40,20
1057956015,2025-03-10,20,User 11,3,60,30
1057956015,2025-03-11,83,User 11,4,143,40
1057956015,2025-03-15,46,User 11,5,189,50
1057956015,2025-03-17,42,User 11,6,231,60
1057956015,2025-03-18,44,User 11,7,275,70
1057956015,2025-03-19,37,User 11,8,312,80
1057956015,2025-03-20,13,User 11,9,325,90
1057956015,2025-03-21,13,User 11,10,338,100
1057956015,2025-03-29,105,User 11,11,443,110
1057956015,2025-04-02,34,User 11,12,477,120
1057956015,2025-04-07,37,User 11,13,514,130
1057956015,2025-04-08,12,User 11,14,526,140
1057956015,2025-04-09,59,User 11,15,585,150
1057956015,2025-04-10,33,User 11,16,618,160
1057956015,2025-04-12,103,User 11,17,721,170
1057956015,2025-08-01,53,User 11,18,774,180
1057956015,2025-08-02,70,User 11,19,844,190
1057956015,2025-08-19,97,User 11,20,941,200
1057956015,2025-08-22,36,User 11,21,977,210
1057956015,2025-08-26,60,User 11,22,1037,220
1057956015,2025-09-08,28,User 11,23,1065,230
1057956015,2025-09-12,14,User 11,24,1079,240
1057956015,2025-10-14,75,User 11,25,1154,250
1057956015,2025-10-17,39,User 11,26,1193,260
1057956015,2025-11-20,43,User 11,27,1236,270
1057956015,2025-11-27,20,User 11,28,1256,280
1057956015,2025-11-28,21,User 11,29,1277,290
1057956015,2026-01-03,7,User 11,30,1284,300
1057956015,2026-01-31,5,User 11,31,1289,310
1057956015,2026-02-06,6,User 11,32,1295,320
1092392733,2025-02-28,24,User 19,1,24,10
1092392733,2025-03-05,51,User 19,2,75,20
1092392733,2025-03-12,67,User 19,3,142,30
1092392733,2025-03-15,74,User 19,4,216,40
1092392733,2025-03-17,27,User 19,5,243,50
1092392733,2025-03-19,77,User 19,6,320,60
1092392733,2025-04-04,60,User 19,7,380,70
1092392733,2025-07-19,71,User 19,8,451,80
1092392733,2025-07-22,68,User 19,9,519,90
1092392733,2025-09-12,5,User 19,10,524,100
1092392733,2025-09-16,91,User 19,11,615,110
1092392733,2025-10-10,130,User 19,12,745,120
1092392733,2025-10-17,136,User 19,13,881,130
1092392733,2025-10-23,90,User 19,14,971,140
1092392733,2025-11-12,155,User 19,15,1126,150
1092392733,2025-11-13,62,User 19,16,1188,160
1092392733,2025-11-17,77,User 19,17,1265,170
1092392733,2025-11-21,89,User 19,18,1354,180
1092392733,2025-11-26,74,User 19,19,1428,190
1092392733,2025-12-03,73,User 19,20,1501,200
1092392733,2025-12-31,72,User 19,21,1573,210
1092392733,2026-01-07,108,User 19,22,1681,220
1092392733,2026-01-28,59,User 19,23,1740,230
1092392733,2026-02-06,1,User 19,24,1741,240
1163484228,2025-02-28,57,User 4,1,57,10
1163484228,2025-03-05,73,User 4,2,130,20
1163484228,2025-03-06,17,User 4,3,147,30
1163484228,2025-03-07,76,User 4,4,223,40
1163484228,2025-03-11,17,User 4,5,240,50
1163484228,2025-03-13,39,User 4,6,279,60
1163484228,2025-03-17,17,User 4,7,296,70
1163484228,2025-03-18,40,User 4,8,336,80
1163484228,2025-03-20,29,User 4,9,365,90
1163484228,2025-03-25,29,User 4,10,394,100
1163484228,2025-03-27,61,User 4,11,455,110
1163484228,2025-03-29,108,User 4,12,563,120
1163484228,2025-04-02,54,User 4,13,617,130
1163484228,2025-04-03,10,User 4,14,627,140
1163484228,2025-04-10,4,User 4,15,631,150
1163484228,2025-04-15,13,User 4,16,644,160
1163484228,2025-05-01,24,User 4,17,668,170
1163484228,2025-05-07,25,User 4,18,693,180
1163484228,2025-06-24,21,User 4,19,714,190
1163484228,2025-06-26,7,User 4,20,721,200
1163484228,2025-07-02,8,User 4,21,729,210
1163484228,2025-07-15,6,User 4,22,735,220
1163484228,2025-07-17,11,User 4,23,746,230
1163484228,2025-07-18,12,User 4,24,758,240
1163484228,2025-07-25,11,User 4,25,769,250
1163484228,2025-07-30,52,User 4,26,821,260
1163484228,2025-08-30,38,User 4,27,859,270
1163484228,2025-09-02,29,User 4,28,888,280
1163484228,2025-09-16,54,User 4,29,942,290
1163484228,2025-10-06,15,User 4,30,957,300
1163484228,2025-10-07,30,User 4,31,987,310
1163484228,2025-10-10,1,User 4,32,988,320
1163484228,2025-10-13,8,User 4,33,996,330
1163484228,2025-10-14,1,User 4,34,997,340
1163484228,2025-10-21,41,User 4,35,1038,350
1163484228,2025-10-27,38,User 4,36,1076,360
1163484228,2025-10-28,2,User 4,37,1078,370
1163484228,2025-10-30,44,User 4,38,1122,380
1163484228,2025-10-31,5,User 4,39,1127,390
1163484228,2025-11-03,58,User 4,40,1185,400
1163484228,2025-11-04,12,User 4,41,1197,410
1163484228,2025-11-10,17,User 4,42,1214,420
1163484228,2025-11-11,67,User 4,43,1281,430
1163484228,2025-11-17,4,User 4,44,1285,440
1163484228,2025-11-24,50,User 4,45,1335,450
1163484228,2025-11-29,62,User 4,46,1397,460
1163484228,2025-12-01,74,User 4,47,1471,470
1163484228,2025-12-02,69,User 4,48,1540,480
1163484228,2025-12-08,14,User 4,49,1554,490
1163484228,2025-12-23,11,User 4,50,1565,500
1163484228,2026-01-05,61,User 4,51,1626,510
1163484228,2026-01-19,1,User 4,52,1627,520
1163484228,2026-02-03,31,User 4,53,1658,530
1163484228,2026-02-09,22,User 4,54,1680,540
1163484228,2026-02-10,17,User 4,55,1697,550
1545418714,2025-02-25,50,User 13,1,50,10
1545418714,2025-02-28,16,User 13,2,66,20
1545418714,2025-03-03,80,User 13,3,146,30
1545418714,2025-03-07,72,User 13,4,218,40
1545418714,2025-03-10,36,User 13,5,254,50
1545418714,2025-03-17,95,User 13,6,349,60
1545418714,2025-03-22,13,User 13,7,362,70
1545418714,2025-04-04,62,User 13,8,424,80
1545418714,2025-04-07,54,User 13,9,478,90
1545418714,2025-04-21,54,User 13,10,532,100
1545418714,2025-07-07,1,User 13,11,533,110
1545418714,2025-07-11,18,User 13,12,551,120
1545418714,2025-07-14,56,User 13,13,607,130
1545418714,2025-07-18,35,User 13,14,642,140
1545418714,2025-07-22,75,User 13,15,717,150
1545418714,2025-07-25,73,User 13,16,790,160
1545418714,2025-08-01,37,User 13,17,827,170
1545418714,2025-08-11,29,User 13,18,856,180
1545418714,2025-08-18,18,User 13,19,874,190
1545418714,2025-08-21,18,User 13,20,892,200
1545418714,2025-08-25,27,User 13,21,919,210
1545418714,2025-08-28,40,User 13,22,959,220
1545418714,2025-09-04,29,User 13,23,988,230
1545418714,2025-09-08,30,User 13,24,1018,240
1545418714,2025-09-11,12,User 13,25,1030,250
1545418714,2025-09-15,20,User 13,26,1050,260
1545418714,2025-09-18,14,User 13,27,1064,270
1545418714,2025-10-06,16,User 13,28,1080,280
1545418714,2025-10-09,42,User 13,29,1122,290
1545418714,2025-10-13,45,User 13,30,1167,300
1545418714,2025-10-16,20,User 13,31,1187,310
1545418714,2025-10-27,32,User 13,32,1219,320
1545418714,2025-11-03,27,User 13,33,1246,330
1545418714,2025-11-06,63,User 13,34,1309,340
1545418714,2025-11-10,31,User 13,35,1340,350
1545418714,2025-11-13,38,User 13,36,1378,360
1545418714,2025-11-17,18,User 13,37,1396,370
1545418714,2025-11-20,30,User 13,38,1426,380
1545418714,2025-11-24,29,User 13,39,1455,390
1545418714,2025-11-27,27,User 13,40,1482,400
1545418714,2025-12-01,28,User 13,41,1510,410
1545418714,2025-12-08,46,User 13,42,1556,420
1545418714,2025-12-22,62,User 13,43,1618,430
1545418714,2026-01-01,31,User 13,44,1649,440
1545418714,2026-01-08,97,User 13,45,1746,450
1545418714,2026-01-29,51,User 13,46,1797,460
1545418714,2026-02-05,12,User 13,47,1809,470
1689278004,2025-02-28,36,User 6,1,36,10
1689278004,2025-03-05,61,User 6,2,97,20
1689278004,2025-03-06,31,User 6,3,128,30
1689278004,2025-03-07,21,User 6,4,149,40
1689278004,2025-03-11,4,User 6,5,153,50
1689278004,2025-03-13,23,User 6,6,176,60
1689278004,2025-03-17,36,User 6,7,212,70
1689278004,2025-03-18,53,User 6,8,265,80
1689278004,2025-03-20,67,User 6,9,332,90
1689278004,2025-03-25,44,User 6,10,376,100
1689278004,2025-03-27,1,User 6,11,377,110
1689278004,2025-04-02,40,User 6,12,417,120
1689278004,2025-04-04,16,User 6,13,433,130
1689278004,2025-04-10,6,User 6,14,439,140
1689278004,2025-05-29,13,User 6,15,452,150
1689278004,2025-06-23,44,User 6,16,496,160
1689278004,2025-06-26,22,User 6,17,518,170
1689278004,2025-06-30,22,User 6,18,540,180
1689278004,2025-07-02,25,User 6,19,565,190
1689278004,2025-07-15,5,User 6,20,570,200
1689278004,2025-07-17,21,User 6,21,591,210
1689278004,2025-07-25,8,User 6,22,599,220
1689278004,2025-07-30,43,User 6,23,642,230
1689278004,2025-08-01,18,User 6,24,660,240
1689278004,2025-08-29,21,User 6,25,681,250
1689278004,2025-08-30,31,User 6,26,712,260
1689278004,2025-09-02,24,User 6,27,736,270
1689278004,2025-09-15,7,User 6,28,743,280
1689278004,2025-09-16,54,User 6,29,797,290
1689278004,2025-10-06,12,User 6,30,809,300
1689278004,2025-10-07,53,User 6,31,862,310
1689278004,2025-10-13,32,User 6,32,894,320
1689278004,2025-10-14,12,User 6,33,906,330
1689278004,2025-10-21,88,User 6,34,994,340
1689278004,2025-10-27,33,User 6,35,1027,350
1689278004,2025-10-30,41,User 6,36,1068,360
1689278004,2025-11-03,76,User 6,37,1144,370
1689278004,2025-11-04,18,User 6,38,1162,380
1689278004,2025-11-10,26,User 6,39,1188,390
1689278004,2025-11-17,28,User 6,40,1216,400
1689278004,2025-11-18,27,User 6,41,1243,410
1689278004,2025-12-02,10,User 6,42,1253,420
1689278004,2025-12-09,9,User 6,43,1262,430
1689278004,2026-01-27,13,User 6,44,1275,440
1689278004,2026-02-03,16,User 6,45,1291,450
1689278004,2026-02-09,18,User 6,46,1309,460
1689278004,2026-02-10,9,User 6,47,1318,470
1964569825,2025-02-28,22,User 8,1,22,10
1964569825,2025-03-06,25,User 8,2,47,20
1964569825,2025-03-07,79,User 8,3,126,30
1964569825,2025-03-11,48,User 8,4,174,40
1964569825,2025-03-13,56,User 8,5,230,50
1964569825,2025-03-20,37,User 8,6,267,60
1964569825,2025-03-25,34,User 8,7,301,70
1964569825,2025-03-27,29,User 8,8,330,80
1964569825,2025-04-02,39,User 8,9,369,90
1964569825,2025-04-04,29,User 8,10,398,100
1964569825,2025-04-08,40,User 8,11,438,110
1964569825,2025-04-10,54,User 8,12,492,120
1964569825,2025-05-06,24,User 8,13,516,130
1964569825,2025-05-12,79,User 8,14,595,140
1964569825,2025-06-26,15,User 8,15,610,150
1964569825,2025-06-30,29,User 8,16,639,160
1964569825,2025-07-02,74,User 8,17,713,170
1964569825,2025-07-14,7,User 8,18,720,180
1964569825,2025-07-17,63,User 8,19,783,190
1964569825,2025-07-25,14,User 8,20,797,200
1964569825,2025-08-06,14,User 8,21,811,210
1964569825,2025-08-29,16,User 8,22,827,220
1964569825,2025-08-30,4,User 8,23,831,230
1964569825,2025-09-02,35,User 8,24,866,240
1964569825,2025-09-15,8,User 8,25,874,250
1964569825,2025-09-16,30,User 8,26,904,260
1964569825,2025-10-07,3,User 8,27,907,270
1964569825,2025-10-13,19,User 8,28,926,280
1964569825,2025-10-14,17,User 8,29,943,290
1964569825,2025-10-21,18,User 8,30,961,300
1964569825,2025-10-27,40,User 8,31,1001,310
1964569825,2025-10-28,9,User 8,32,1010,320
1964569825,2025-10-30,35,User 8,33,1045,330
1964569825,2025-11-04,16,User 8,34,1061,340
1964569825,2025-11-11,7,User 8,35,1068,350
1964569825,2025-11-18,62,User 8,36,1130,360
1964569825,2025-11-24,38,User 8,37,1168,370
1964569825,2025-11-29,13,User 8,38,1181,380
1964569825,2025-12-01,10,User 8,39,1191,390
1964569825,2025-12-02,22,User 8,40,1213,400
1964569825,2025-12-08,1,User 8,41,1214,410
1964569825,2025-12-23,6,User 8,42,1220,420
1964569825,2026-01-28,4,User 8,43,1224,430
1964569825,2026-02-02,15,User 8,44,1239,440
1964569825,2026-02-09,14,User 8,45,1253,450
1964569825,2026-02-10,13,User 8,46,1266,460
1980422098,2025-02-28,24,User 21,1,24,10
1980422098,2025-03-05,72,User 21,2,96,20
1980422098,2025-03-12,55,User 21,3,151,30
1980422098,2025-03-17,44,User 21,4,195,40
1980422098,2025-03-19,88,User 21,5,283,50
1980422098,2025-03-22,47,User 21,6,330,60
1980422098,2025-03-26,53,User 21,7,383,70
1980422098,2025-03-29,99,User 21,8,482,80
1980422098,2025-07-19,88,User 21,9,570,90
1980422098,2025-07-22,78,User 21,10,648,100
1980422098,2025-08-30,25,User 21,11,673,110
1980422098,2025-09-12,1,User 21,12,674,120
1980422098,2025-09-16,77,User 21,13,751,130
1980422098,2025-10-17,172,User 21,14,923,140
1980422098,2025-10-23,36,User 21,15,959,150
1980422098,2025-11-12,66,User 21,16,1025,160
1980422098,2025-11-21,53,User 21,17,1078,170
1980422098,2025-11-26,97,User 21,18,1175,180
1980422098,2025-12-03,169,User 21,19,1344,190
1980422098,2025-12-31,71,User 21,20,1415,200
1980422098,2026-01-01,102,User 21,21,1517,210
1980422098,2026-01-29,103,User 21,22,1620,220
1980422098,2026-02-06,3,User 21,23,1623,230
2048915919,2025-03-03,33,User 24,1,33,10
2048915919,2025-03-04,26,User 24,2,59,20
2048915919,2025-03-05,13,User 24,3,72,30
2048915919,2025-03-06,15,User 24,4,87,40
2048915919,2025-03-07,9,User 24,5,96,50
2048915919,2025-03-11,63,User 24,6,159,60
2048915919,2025-03-12,12,User 24,7,171,70
2048915919,2025-03-13,46,User 24,8,217,80
2048915919,2025-03-17,11,User 24,9,228,90
2048915919,2025-03-18,20,User 24,10,248,100
2048915919,2025-03-19,15,User 24,11,263,110
2048915919,2025-03-20,18,User 24,12,281,120
2048915919,2025-03-21,27,User 24,13,308,130
2048915919,2025-03-22,36,User 24,14,344,140
2048915919,2025-03-29,38,User 24,15,382,150
2048915919,2025-04-02,45,User 24,16,427,160
2048915919,2025-04-03,52,User 24,17,479,170
2048915919,2025-04-04,51,User 24,18,530,180
2048915919,2025-04-07,34,User 24,19,564,190
2048915919,2025-04-08,31,User 24,20,595,200
2048915919,2025-04-09,47,User 24,21,642,210
2048915919,2025-04-10,54,User 24,22,696,220
2048915919,2025-04-12,15,User 24,23,711,230
2048915919,2025-04-15,43,User 24,24,754,240
2048915919,2025-04-16,11,User 24,25,765,250
2048915919,2025-04-17,10,User 24,26,775,260
2048915919,2025-04-19,11,User 24,27,786,270
2048915919,2025-04-21,6,User 24,28,792,280
2048915919,2025-04-22,17,User 24,29,809,290
2048915919,2025-07-19,60,User 24,30,869,300
2048915919,2025-07-25,47,User 24,31,916,310
2048915919,2025-08-05,16,User 24,32,932,320
2048915919,2025-08-06,54,User 24,33,986,330
2048915919,2025-09-19,89,User 24,34,1075,340
2048915919,2025-10-28,23,User 24,35,1098,350
2048915919,2025-11-17,10,User 24,36,1108,360
2048915919,2025-11-29,4,User 24,37,1112,370
2048915919,2026-01-06,47,User 24,38,1159,380
2048915919,2026-01-07,50,User 24,39,1209,390
2048915919,2026-01-21,21,User 24,40,1230,400
2048915919,2026-01-28,6,User 24,41,1236,410
2048915919,2026-02-09,76,User 24,42,1312,420
2137750589,2025-03-05,166,User 30,1,166,10
2137750589,2025-03-07,67,User 30,2,233,20
2137750589,2025-03-11,39,User 30,3,272,30
2137750589,2025-03-12,21,User 30,4,293,40
2137750589,2025-03-15,40,User 30,5,333,50
2137750589,2025-03-18,42,User 30,6,375,60
2137750589,2025-04-03,99,User 30,7,474,70
2137750589,2025-04-08,62,User 30,8,536,80
2137750589,2025-04-11,25,User 30,9,561,90
2137750589,2025-04-12,50,User 30,10,611,100
2137750589,2025-04-19,92,User 30,11,703,110
2137750589,2025-04-21,42,User 30,12,745,120
2137750589,2025-04-23,10,User 30,13,755,130
2137750589,2025-08-01,47,User 30,14,802,140
2137750589,2025-08-06,54,User 30,15,856,150
2137750589,2025-08-13,132,User 30,16,988,160
2137750589,2025-08-20,17,User 30,17,1005,170
2137750589,2025-08-22,47,User 30,18,1052,180
2137750589,2025-08-23,16,User 30,19,1068,190
2137750589,2025-08-25,22,User 30,20,1090,200
2137750589,2025-08-28,44,User 30,21,1134,210
2137750589,2025-08-30,31,User 30,22,1165,220
2137750589,2025-09-03,37,User 30,23,1202,230
2137750589,2025-09-08,24,User 30,24,1226,240
2137750589,2025-09-09,10,User 30,25,1236,250
2137750589,2025-09-15,47,User 30,26,1283,260
2137750589,2025-09-19,11,User 30,27,1294,270
2137750589,2025-10-14,12,User 30,28,1306,280
2137750589,2025-10-15,1,User 30,29,1307,290
2137750589,2025-10-16,3,User 30,30,1310,300
2137750589,2025-10-23,8,User 30,31,1318,310
2137750589,2025-10-24,2,User 30,32,1320,320
2137750589,2025-10-25,8,User 30,33,1328,330
2137750589,2025-10-28,4,User 30,34,1332,340
2137750589,2025-10-29,8,User 30,35,1340,350
2137750589,2025-10-31,19,User 30,36,1359,360
2137750589,2025-11-03,10,User 30,37,1369,370
2137750589,2025-11-06,22,User 30,38,1391,380
2137750589,2025-11-07,2,User 30,39,1393,390
2137750589,2025-11-10,1,User 30,40,1394,400
2137750589,2025-11-11,1,User 30,41,1395,410
2137750589,2025-11-12,10,User 30,42,1405,420
2137750589,2025-11-15,5,User 30,43,1410,430
2137750589,2025-11-18,5,User 30,44,1415,440
2137750589,2025-11-20,5,User 30,45,1420,450
2137750589,2025-11-21,1,User 30,46,1421,460
2137750589,2025-11-27,2,User 30,47,1423,470
2137750589,2025-11-28,2,User 30,48,1425,480
2137750589,2025-11-29,10,User 30,49,1435,490
2137750589,2025-12-01,12,User 30,50,1447,500
2137750589,2025-12-03,1,User 30,51,1448,510
2137750589,2025-12-04,8,User 30,52,1456,520
2137750589,2025-12-09,2,User 30,53,1458,530
2137750589,2025-12-10,6,User 30,54,1464,540
2137750589,2025-12-11,7,User 30,55,1471,550
2137750589,2025-12-15,5,User 30,56,1476,560
2137750589,2025-12-17,15,User 30,57,1491,570
2137750589,2025-12-19,17,User 30,58,1508,580
2137750589,2025-12-29,7,User 30,59,1515,590
2137750589,2025-12-30,29,User 30,60,1544,600
2137750589,2025-12-31,13,User 30,61,1557,610
2137750589,2026-01-02,12,User 30,62,1569,620
2137750589,2026-01-03,5,User 30,63,1574,630
2137750589,2026-01-05,17,User 30,64,1591,640
2137750589,2026-01-07,21,User 30,65,1612,650
2137750589,2026-01-20,8,User 30,66,1620,660
2137750589,2026-01-23,25,User 30,67,1645,670
2137750589,2026-01-24,13,User 30,68,1658,680
2137750589,2026-01-27,17,User 30,69,1675,690
2137750589,2026-01-28,7,User 30,70,1682,700
2137750589,2026-01-29,14,User 30,71,1696,710
2137750589,2026-01-31,11,User 30,72,1707,720
2137750589,2026-02-02,14,User 30,73,1721,730
2137750589,2026-02-05,14,User 30,74,1735,740
2137750589,2026-02-06,3,User 30,75,1738,750
2137750589,2026-02-07,6,User 30,76,1744,760
2137750589,2026-02-09,11,User 30,77,1755,770
2137750589,2026-02-10,9,User 30,78,1764,780
2162484702,2025-02-28,36,User 18,1,36,10
2162484702,2025-03-04,76,User 18,2,112,20
2162484702,2025-03-11,116,User 18,3,228,30
2162484702,2025-03-15,37,User 18,4,265,40
2162484702,2025-03-18,67,User 18,5,332,50
2162484702,2025-03-19,33,User 18,6,365,60
2162484702,2025-03-22,124,User 18,7,489,70
2162484702,2025-04-04,227,User 18,8,716,80
2162484702,2025-04-08,99,User 18,9,815,90
2162484702,2025-04-09,2,User 18,10,817,100
2162484702,2025-07-19,129,User 18,11,946,110
2162484702,2025-07-22,5,User 18,12,951,120
2162484702,2025-08-30,75,User 18,13,1026,130
2162484702,2025-09-16,56,User 18,14,1082,140
2162484702,2025-10-09,203,User 18,15,1285,150
2162484702,2025-11-12,65,User 18,16,1350,160
2162484702,2025-11-17,108,User 18,17,1458,170
2162484702,2025-11-21,145,User 18,18,1603,180
2162484702,2025-11-26,67,User 18,19,1670,190
2162484702,2025-12-03,41,User 18,20,1711,200
2162484702,2025-12-31,18,User 18,21,1729,210
2162484702,2026-01-01,31,User 18,22,1760,220
2162484702,2026-01-07,66,User 18,23,1826,230
2162484702,2026-01-28,168,User 18,24,1994,240
2162484702,2026-01-29,80,User 18,25,2074,250
2162484702,2026-02-06,2,User 18,26,2076,260
2366445233,2025-02-28,195,User 16,1,195,10
2366445233,2025-03-04,130,User 16,2,325,20
2366445233,2025-03-07,107,User 16,3,432,30
2366445233,2025-03-11,140,User 16,4,572,40
2366445233,2025-03-15,201,User 16,5,773,50
2366445233,2025-03-17,108,User 16,6,881,60
2366445233,2025-03-18,93,User 16,7,974,70
2366445233,2025-03-25,11,User 16,8,985,80
2366445233,2025-04-04,119,User 16,9,1104,90
2366445233,2025-04-09,100,User 16,10,1204,100
2366445233,2025-07-10,107,User 16,11,1311,110
2366445233,2025-07-16,154,User 16,12,1465,120
2366445233,2025-07-17,103,User 16,13,1568,130
2366445233,2025-07-30,135,User 16,14,1703,140
2366445233,2025-08-05,89,User 16,15,1792,150
2366445233,2025-08-23,71,User 16,16,1863,160
2366445233,2025-10-08,59,User 16,17,1922,170
2366445233,2025-10-14,188,User 16,18,2110,180
2366445233,2025-10-23,182,User 16,19,2292,190
2366445233,2025-11-04,66,User 16,20,2358,200
2366445233,2025-11-12,36,User 16,21,2394,210
2366445233,2025-12-11,20,User 16,22,2414,220
2366445233,2026-02-06,12,User 16,23,2426,230
2769445255,2025-02-25,45,User 12,1,45,10
2769445255,2025-03-03,3,User 12,2,48,20
2769445255,2025-03-04,15,User 12,3,63,30
2769445255,2025-03-07,13,User 12,4,76,40
2769445255,2025-03-11,41,User 12,5,117,50
2769445255,2025-03-12,10,User 12,6,127,60
2769445255,2025-03-15,50,User 12,7,177,70
2769445255,2025-03-17,86,User 12,8,263,80
2769445255,2025-03-18,61,User 12,9,324,90
2769445255,2025-03-19,31,User 12,10,355,100
2769445255,2025-03-21,15,User 12,11,370,110
2769445255,2025-04-02,53,User 12,12,423,120
2769445255,2025-04-07,36,User 12,13,459,130
2769445255,2025-04-08,74,User 12,14,533,140
2769445255,2025-04-09,101,User 12,15,634,150
2769445255,2025-04-10,42,User 12,16,676,160
2769445255,2025-04-12,51,User 12,17,727,170
2769445255,2025-08-01,45,User 12,18,772,180
2769445255,2025-08-02,76,User 12,19,848,190
2769445255,2025-08-22,35,User 12,20,883,200
2769445255,2025-08-26,50,User 12,21,933,210
2769445255,2025-10-14,37,User 12,22,970,220
2769445255,2025-10-17,53,User 12,23,1023,230
2769445255,2025-11-20,19,User 12,24,1042,240
2769445255,2026-01-03,26,User 12,25,1068,250
2769445255,2026-01-31,29,User 12,26,1097,260
2769445255,2026-02-06,3,User 12,27,1100,270
3259476757,2025-03-01,28,User 15,1,28,10
3259476757,2025-03-11,72,User 15,2,100,20
3259476757,2025-03-12,50,User 15,3,150,30
3259476757,2025-03-15,92,User 15,4,242,40
3259476757,2025-03-18,165,User 15,5,407,50
3259476757,2025-03-20,52,User 15,6,459,60
3259476757,2025-03-22,68,User 15,7,527,70
3259476757,2025-03-26,60,User 15,8,587,80
3259476757,2025-03-27,92,User 15,9,679,90
3259476757,2025-04-02,121,User 15,10,800,100
3259476757,2025-04-07,108,User 15,11,908,110
3259476757,2025-07-29,36,User 15,12,944,120
3259476757,2025-07-30,28,User 15,13,972,130
3259476757,2025-08-01,52,User 15,14,1024,140
3259476757,2025-08-05,20,User 15,15,1044,150
3259476757,2025-08-18,162,User 15,16,1206,160
3259476757,2025-08-26,52,User 15,17,1258,170
3259476757,2025-09-11,14,User 15,18,1272,180
3259476757,2025-10-17,82,User 15,19,1354,190
3259476757,2025-10-25,118,User 15,20,1472,200
3259476757,2025-11-01,135,User 15,21,1607,210
3259476757,2025-11-07,41,User 15,22,1648,220
3259476757,2025-11-15,53,User 15,23,1701,230
3259476757,2025-11-20,3,User 15,24,1704,240
3259476757,2025-11-21,58,User 15,25,1762,250
3259476757,2025-11-22,230,User 15,26,1992,260
3259476757,2025-11-28,85,User 15,27,2077,270
3259476757,2025-11-29,34,User 15,28,2111,280
3259476757,2025-12-19,43,User 15,29,2154,290
3259476757,2025-12-20,99,User 15,30,2253,300
3259476757,2026-01-02,137,User 15,31,2390,310
3259476757,2026-01-31,23,User 15,32,2413,320
3259476757,2026-02-06,27,User 15,33,2440,330
3259476757,2026-02-07,14,User 15,34,2454,340
3451086685,2025-02-28,22,User 7,1,22,10
3451086685,2025-03-20,7,User 7,2,29,20
3451086685,2025-03-22,20,User 7,3,49,30
3451086685,2025-03-26,38,User 7,4,87,40
3451086685,2025-03-28,72,User 7,5,159,50
3451086685,2025-03-29,24,User 7,6,183,60
3451086685,2025-07-02,27,User 7,7,210,70
3451086685,2025-07-03,18,User 7,8,228,80
3451086685,2025-07-08,20,User 7,9,248,90
3451086685,2025-07-11,15,User 7,10,263,100
3451086685,2025-07-14,36,User 7,11,299,110
3451086685,2025-07-15,43,User 7,12,342,120
3451086685,2025-07-22,56,User 7,13,398,130
3451086685,2025-07-29,43,User 7,14,441,140
3451086685,2025-08-04,39,User 7,15,480,150
3451086685,2025-08-05,10,User 7,16,490,160
3451086685,2025-08-11,14,User 7,17,504,170
3451086685,2025-08-13,37,User 7,18,541,180
3451086685,2025-08-20,19,User 7,19,560,190
3451086685,2025-09-01,31,User 7,20,591,200
3451086685,2025-09-02,21,User 7,21,612,210
3451086685,2025-09-11,43,User 7,22,655,220
3451086685,2025-09-15,42,User 7,23,697,230
3451086685,2025-09-16,19,User 7,24,716,240
3451086685,2025-10-08,34,User 7,25,750,250
3451086685,2025-10-09,11,User 7,26,761,260
3451086685,2025-10-14,15,User 7,27,776,270
3451086685,2025-10-15,17,User 7,28,793,280
3451086685,2025-10-22,21,User 7,29,814,290
3451086685,2025-10-24,8,User 7,30,822,300
3451086685,2025-10-28,4,User 7,31,826,310
3451086685,2025-10-30,37,User 7,32,863,320
3451086685,2025-11-03,10,User 7,33,873,330
3451086685,2025-11-04,3,User 7,34,876,340
3451086685,2025-11-11,7,User 7,35,883,350
3451086685,2025-11-12,6,User 7,36,889,360
3451086685,2025-11-19,4,User 7,37,893,370
3451086685,2025-11-21,42,User 7,38,935,380
3451086685,2025-11-24,14,User 7,39,949,390
3451086685,2025-11-25,22,User 7,40,971,400
3451086685,2025-12-03,6,User 7,41,977,410
3451086685,2025-12-04,9,User 7,42,986,420
3451086685,2025-12-18,10,User 7,43,996,430
3451086685,2025-12-19,35,User 7,44,1031,440
3451086685,2025-12-31,45,User 7,45,1076,450
3451086685,2026-01-02,50,User 7,46,1126,460
3451086685,2026-01-05,60,User 7,47,1186,470
3451086685,2026-01-06,16,User 7,48,1202,480
3451086685,2026-01-19,6,User 7,49,1208,490
3451086685,2026-01-20,8,User 7,50,1216,500
3451086685,2026-01-27,36,User 7,51,1252,510
3451086685,2026-01-28,3,User 7,52,1255,520
3451086685,2026-02-09,24,User 7,53,1279,530
3451086685,2026-02-10,35,User 7,54,1314,540
3493963948,2025-03-05,28,User 32,1,28,10
3493963948,2025-03-06,20,User 32,2,48,20
3493963948,2025-03-07,72,User 32,3,120,30
3493963948,2025-03-11,20,User 32,4,140,40
3493963948,2025-03-13,54,User 32,5,194,50
3493963948,2025-03-15,47,User 32,6,241,60
3493963948,2025-03-17,38,User 32,7,279,70
3493963948,2025-03-18,73,User 32,8,352,80
3493963948,2025-03-20,60,User 32,9,412,90
3493963948,2025-03-25,30,User 32,10,442,100
3493963948,2025-03-27,54,User 32,11,496,110
3493963948,2025-04-02,33,User 32,12,529,120
3493963948,2025-04-08,23,User 32,13,552,130
3493963948,2025-04-10,34,User 32,14,586,140
3493963948,2025-04-15,5,User 32,15,591,150
3493963948,2025-05-27,7,User 32,16,598,160
3493963948,2025-05-29,15,User 32,17,613,170
3493963948,2025-06-23,27,User 32,18,640,180
3493963948,2025-06-26,19,User 32,19,659,190
3493963948,2025-06-30,8,User 32,20,667,200
3493963948,2025-07-02,7,User 32,21,674,210
3493963948,2025-07-14,3,User 32,22,677,220
3493963948,2025-07-15,17,User 32,23,694,230
3493963948,2025-07-17,16,User 32,24,710,240
3493963948,2025-07-25,17,User 32,25,727,250
3493963948,2025-07-30,25,User 32,26,752,260
3493963948,2025-08-01,24,User 32,27,776,270
3493963948,2025-08-29,14,User 32,28,790,280
3493963948,2025-08-30,47,User 32,29,837,290
3493963948,2025-09-02,30,User 32,30,867,300
3493963948,2025-09-15,31,User 32,31,898,310
3493963948,2025-09-16,96,User 32,32,994,320
3493963948,2025-10-06,7,User 32,33,1001,330
3493963948,2025-10-07,39,User 32,34,1040,340
3493963948,2025-10-13,10,User 32,35,1050,350
3493963948,2025-10-14,34,User 32,36,1084,360
3493963948,2025-10-21,20,User 32,37,1104,370
3493963948,2025-10-27,51,User 32,38,1155,380
3493963948,2025-10-28,23,User 32,39,1178,390
3493963948,2025-10-30,10,User 32,40,1188,400
3493963948,2025-10-31,2,User 32,41,1190,410
3493963948,2025-11-03,18,User 32,42,1208,420
3493963948,2025-11-04,23,User 32,43,1231,430
3493963948,2025-11-10,99,User 32,44,1330,440
3493963948,2025-11-11,56,User 32,45,1386,450
3493963948,2025-11-17,28,User 32,46,1414,460
3493963948,2025-11-18,36,User 32,47,1450,470
3493963948,2025-11-24,70,User 32,48,1520,480
3493963948,2025-11-29,50,User 32,49,1570,490
3493963948,2025-12-01,13,User 32,50,1583,500
3493963948,2025-12-02,13,User 32,51,1596,510
3493963948,2026-02-09,8,User 32,52,1604,520
3493963948,2026-02-10,5,User 32,53,1609,530
4121977069,2025-02-28,72,User 5,1,72,10
4121977069,2025-03-05,119,User 5,2,191,20
4121977069,2025-03-06,18,User 5,3,209,30
4121977069,2025-03-07,63,User 5,4,272,40
4121977069,2025-03-13,24,User 5,5,296,50
4121977069,2025-03-17,16,User 5,6,312,60
4121977069,2025-03-18,82,User 5,7,394,70
4121977069,2025-03-20,31,User 5,8,425,80
4121977069,2025-03-25,30,User 5,9,455,90
4121977069,2025-04-04,171,User 5,10,626,100
4121977069,2025-04-08,10,User 5,11,636,110
4121977069,2025-04-10,28,User 5,12,664,120
4121977069,2025-04-15,1,User 5,13,665,130
4121977069,2025-05-06,13,User 5,14,678,140
4121977069,2025-05-28,8,User 5,15,686,150
4121977069,2025-06-23,7,User 5,16,693,160
4121977069,2025-06-24,8,User 5,17,701,170
4121977069,2025-06-26,15,User 5,18,716,180
4121977069,2025-06-30,43,User 5,19,759,190
4121977069,2025-07-02,97,User 5,20,856,200
4121977069,2025-07-17,4,User 5,21,860,210
4121977069,2025-07-25,11,User 5,22,871,220
4121977069,2025-07-30,14,User 5,23,885,230
4121977069,2025-08-01,12,User 5,24,897,240
4121977069,2025-08-06,9,User 5,25,906,250
4121977069,2025-08-13,13,User 5,26,919,260
4121977069,2025-08-30,1,User 5,27,920,270
4121977069,2025-09-02,15,User 5,28,935,280
4121977069,2025-09-15,17,User 5,29,952,290
4121977069,2025-09-16,47,User 5,30,999,300
4121977069,2025-10-06,2,User 5,31,1001,310
4121977069,2025-10-07,15,User 5,32,1016,320
4121977069,2025-10-13,43,User 5,33,1059,330
4121977069,2025-10-14,73,User 5,34,1132,340
4121977069,2025-10-21,20,User 5,35,1152,350
4121977069,2025-10-27,45,User 5,36,1197,360
4121977069,2025-10-28,17,User 5,37,1214,370
4121977069,2025-10-30,45,User 5,38,1259,380
4121977069,2025-11-10,2,User 5,39,1261,390
4121977069,2025-11-11,8,User 5,40,1269,400
4121977069,2025-11-17,14,User 5,41,1283,410
4121977069,2025-11-18,10,User 5,42,1293,420
4121977069,2025-12-01,5,User 5,43,1298,430
4121977069,2025-12-02,11,User 5,44,1309,440
4121977069,2025-12-08,35,User 5,45,1344,450
4121977069,2025-12-23,29,User 5,46,1373,460
4121977069,2026-02-09,20,User 5,47,1393,470
4121977069,2026-02-10,8,User 5,48,1401,480
4507034716,2025-02-28,147,User 10,1,147,10
4507034716,2025-03-03,84,User 10,2,231,20
4507034716,2025-03-05,55,User 10,3,286,30
4507034716,2025-03-12,127,User 10,4,413,40
4507034716,2025-03-13,13,User 10,5,426,50
4507034716,2025-03-17,23,User 10,6,449,60
4507034716,2025-03-18,39,User 10,7,488,70
4507034716,2025-03-29,93,User 10,8,581,80
4507034716,2025-04-02,274,User 10,9,855,90
4507034716,2025-04-09,2,User 10,10,857,100
4507034716,2025-04-10,61,User 10,11,918,110
4507034716,2025-07-08,27,User 10,12,945,120
4507034716,2025-07-28,7,User 10,13,952,130
4507034716,2025-07-31,15,User 10,14,967,140
4507034716,2025-08-05,58,User 10,15,1025,150
4507034716,2025-08-20,82,User 10,16,1107,160
4507034716,2025-08-25,99,User 10,17,1206,170
4507034716,2025-09-04,59,User 10,18,1265,180
4507034716,2025-09-15,8,User 10,19,1273,190
4507034716,2025-10-13,24,User 10,20,1297,200
4507034716,2025-10-14,56,User 10,21,1353,210
4507034716,2025-11-03,76,User 10,22,1429,220
4507034716,2025-11-10,3,User 10,23,1432,230
4507034716,2025-12-01,38,User 10,24,1470,240
4507034716,2025-12-08,1,User 10,25,1471,250
4507034716,2025-12-15,43,User 10,26,1514,260
4507034716,2025-12-22,42,User 10,27,1556,270
4507034716,2025-12-23,24,User 10,28,1580,280
4507034716,2025-12-29,12,User 10,29,1592,290
4507034716,2026-02-09,12,User 10,30,1604,300
4602425244,2025-03-04,24,User 27,1,24,10
4602425244,2025-03-05,24,User 27,2,48,20
4602425244,2025-03-07,80,User 27,3,128,30
4602425244,2025-03-13,2,User 27,4,130,40
4602425244,2025-03-17,20,User 27,5,150,50
4602425244,2025-03-20,9,User 27,6,159,60
4602425244,2025-03-21,3,User 27,7,162,70
4602425244,2025-06-25,9,User 27,8,171,80
4602425244,2025-07-03,8,User 27,9,179,90
4602425244,2025-07-07,28,User 27,10,207,100
4602425244,2025-07-11,19,User 27,11,226,110
4602425244,2025-07-14,2,User 27,12,228,120
4602425244,2025-07-15,21,User 27,13,249,130
4602425244,2025-08-04,11,User 27,14,260,140
4602425244,2025-08-05,5,User 27,15,265,150
4602425244,2025-08-13,18,User 27,16,283,160
4602425244,2025-08-19,20,User 27,17,303,170
4602425244,2025-08-20,1,User 27,18,304,180
4602425244,2025-08-25,15,User 27,19,319,190
4602425244,2025-08-26,19,User 27,20,338,200
4602425244,2025-09-02,7,User 27,21,345,210
4602425244,2025-09-11,1,User 27,22,346,220
4602425244,2025-09-15,11,User 27,23,357,230
4602425244,2025-10-08,42,User 27,24,399,240
4602425244,2025-10-10,33,User 27,25,432,250
4602425244,2025-10-14,27,User 27,26,459,260
4602425244,2025-10-15,1,User 27,27,460,270
4602425244,2025-10-22,1,User 27,28,461,280
4602425244,2025-10-28,4,User 27,29,465,290
4602425244,2025-11-03,7,User 27,30,472,300
4602425244,2025-11-04,9,User 27,31,481,310
4602425244,2025-11-12,1,User 27,32,482,320
4602425244,2025-11-19,11,User 27,33,493,330
4602425244,2025-11-21,26,User 27,34,519,340
4602425244,2025-11-25,38,User 27,35,557,350
4602425244,2025-12-04,16,User 27,36,573,360
4602425244,2025-12-08,2,User 27,37,575,370
4602425244,2026-01-20,4,User 27,38,579,380
4602425244,2026-02-02,3,User 27,39,582,390
4602425244,2026-02-03,10,User 27,40,592,400
4602425244,2026-02-09,2,User 27,41,594,410
4602425244,2026-02-10,14,User 27,42,608,420
4919218630,2025-03-03,6,User 25,1,6,10
4919218630,2025-03-26,24,User 25,2,30,20
4919218630,2025-05-13,46,User 25,3,76,30
4919218630,2025-05-17,5,User 25,4,81,40
4919218630,2025-07-10,43,User 25,5,124,50
4919218630,2025-07-11,88,User 25,6,212,60
4919218630,2025-07-17,32,User 25,7,244,70
4919218630,2025-07-22,40,User 25,8,284,80
4919218630,2025-07-24,16,User 25,9,300,90
4919218630,2025-07-26,2,User 25,10,302,100
4919218630,2025-07-28,46,User 25,11,348,110
4919218630,2025-07-31,12,User 25,12,360,120
4919218630,2025-08-01,16,User 25,13,376,130
4919218630,2025-08-02,16,User 25,14,392,140
4919218630,2025-08-06,28,User 25,15,420,150
4919218630,2025-08-07,16,User 25,16,436,160
4919218630,2025-08-11,16,User 25,17,452,170
4919218630,2025-08-28,24,User 25,18,476,180
4919218630,2025-09-01,51,User 25,19,527,190
4919218630,2025-09-15,24,User 25,20,551,200
4919218630,2025-09-16,30,User 25,21,581,210
4919218630,2025-10-07,30,User 25,22,611,220
4919218630,2025-10-13,25,User 25,23,636,230
4919218630,2025-10-15,8,User 25,24,644,240
4919218630,2025-11-13,12,User 25,25,656,250
4919218630,2025-11-17,24,User 25,26,680,260
4919218630,2025-11-18,23,User 25,27,703,270
4919218630,2025-11-27,33,User 25,28,736,280
4919218630,2025-12-16,24,User 25,29,760,290
4919218630,2025-12-22,5,User 25,30,765,300
4919218630,2026-01-02,47,User 25,31,812,310
4919218630,2026-01-06,12,User 25,32,824,320
4919218630,2026-01-07,10,User 25,33,834,330
4919218630,2026-01-08,10,User 25,34,844,340
4919218630,2026-01-23,12,User 25,35,856,350
4919218630,2026-01-27,9,User 25,36,865,360
4919218630,2026-01-28,12,User 25,37,877,370
4919218630,2026-02-02,18,User 25,38,895,380
4919218630,2026-02-06,12,User 25,39,907,390
4919218630,2026-02-09,22,User 25,40,929,400
5325861588,2025-02-28,87,User 23,1,87,10
5325861588,2025-03-07,64,User 23,2,151,20
5325861588,2025-03-13,97,User 23,3,248,30
5325861588,2025-03-17,89,User 23,4,337,40
5325861588,2025-03-18,7,User 23,5,344,50
5325861588,2025-04-04,101,User 23,6,445,60
5325861588,2025-07-09,143,User 23,7,588,70
5325861588,2025-07-10,45,User 23,8,633,80
5325861588,2025-07-30,151,User 23,9,784,90
5325861588,2025-08-05,134,User 23,10,918,100
5325861588,2025-09-09,95,User 23,11,1013,110
5325861588,2025-09-11,41,User 23,12,1054,120
5325861588,2025-09-17,54,User 23,13,1108,130
5325861588,2025-10-08,55,User 23,14,1163,140
5325861588,2025-10-14,112,User 23,15,1275,150
5325861588,2025-10-23,43,User 23,16,1318,160
5325861588,2025-11-04,20,User 23,17,1338,170
5325861588,2025-11-12,46,User 23,18,1384,180
5325861588,2025-12-11,7,User 23,19,1391,190
5325861588,2026-02-06,36,User 23,20,1427,200
5576426570,2025-03-04,68,User 34,1,68,10
5576426570,2025-03-05,36,User 34,2,104,20
5576426570,2025-07-03,28,User 34,3,132,30
5576426570,2025-07-09,24,User 34,4,156,40
5576426570,2025-07-11,24,User 34,5,180,50
5576426570,2025-07-25,87,User 34,6,267,60
5576426570,2025-07-28,74,User 34,7,341,70
5576426570,2025-07-31,76,User 34,8,417,80
5576426570,2025-08-07,60,User 34,9,477,90
5576426570,2025-08-19,103,User 34,10,580,100
5576426570,2025-08-21,54,User 34,11,634,110
5576426570,2025-09-03,87,User 34,12,721,120
5576426570,2025-09-16,68,User 34,13,789,130
5576426570,2025-09-18,76,User 34,14,865,140
5576426570,2025-09-19,36,User 34,15,901,150
5576426570,2025-10-13,47,User 34,16,948,160
5576426570,2025-10-23,53,User 34,17,1001,170
5576426570,2025-11-03,32,User 34,18,1033,180
5576426570,2025-11-10,41,User 34,19,1074,190
5576426570,2025-11-12,34,User 34,20,1108,200
5576426570,2025-11-18,41,User 34,21,1149,210
5576426570,2025-11-20,40,User 34,22,1189,220
5576426570,2025-11-26,25,User 34,23,1214,230
5576426570,2025-12-03,5,User 34,24,1219,240
5576426570,2026-01-02,30,User 34,25,1249,250
5576426570,2026-01-05,31,User 34,26,1280,260
5576426570,2026-01-09,21,User 34,27,1301,270
5576426570,2026-01-21,9,User 34,28,1310,280
5576426570,2026-01-23,14,User 34,29,1324,290
5576426570,2026-01-28,20,User 34,30,1344,300
5576426570,2026-02-05,18,User 34,31,1362,310
5576426570,2026-02-07,36,User 34,32,1398,320
5576426570,2026-02-09,36,User 34,33,1434,330
5666423249,2025-02-28,140,User 17,1,140,10
5666423249,2025-03-04,192,User 17,2,332,20
5666423249,2025-03-05,46,User 17,3,378,30
5666423249,2025-03-07,60,User 17,4,438,40
5666423249,2025-03-15,64,User 17,5,502,50
5666423249,2025-03-17,115,User 17,6,617,60
5666423249,2025-03-18,51,User 17,7,668,70
5666423249,2025-03-25,96,User 17,8,764,80
5666423249,2025-03-27,20,User 17,9,784,90
5666423249,2025-04-04,131,User 17,10,915,100
5666423249,2025-04-09,131,User 17,11,1046,110
5666423249,2025-07-16,126,User 17,12,1172,120
5666423249,2025-07-30,223,User 17,13,1395,130
5666423249,2025-08-05,106,User 17,14,1501,140
5666423249,2025-09-09,71,User 17,15,1572,150
5666423249,2025-09-11,146,User 17,16,1718,160
5666423249,2025-09-17,46,User 17,17,1764,170
5666423249,2025-10-08,116,User 17,18,1880,180
5666423249,2025-10-14,49,User 17,19,1929,190
5666423249,2025-10-23,35,User 17,20,1964,200
5666423249,2025-11-12,24,User 17,21,1988,210
5666423249,2025-12-11,33,User 17,22,2021,220
5666423249,2026-02-06,60,User 17,23,2081,230
5920220208,2025-03-05,99,User 28,1,99,10
5920220208,2025-03-07,78,User 28,2,177,20
5920220208,2025-03-11,122,User 28,3,299,30
5920220208,2025-03-12,102,User 28,4,401,40
5920220208,2025-03-15,241,User 28,5,642,50
5920220208,2025-03-18,84,User 28,6,726,60
5920220208,2025-03-19,55,User 28,7,781,70
5920220208,2025-03-22,4,User 28,8,785,80
5920220208,2025-04-03,37,User 28,9,822,90
5920220208,2025-04-08,33,User 28,10,855,100
5920220208,2025-04-11,8,User 28,11,863,110
5920220208,2025-04-12,86,User 28,12,949,120
5920220208,2025-04-21,33,User 28,13,982,130
5920220208,2025-04-23,34,User 28,14,1016,140
5920220208,2025-06-17,49,User 28,15,1065,150
5920220208,2025-06-25,16,User 28,16,1081,160
5920220208,2025-06-28,15,User 28,17,1096,170
5920220208,2025-06-30,9,User 28,18,1105,180
5920220208,2025-07-01,14,User 28,19,1119,190
5920220208,2025-07-03,10,User 28,20,1129,200
5920220208,2025-07-04,1,User 28,21,1130,210
5920220208,2025-07-14,17,User 28,22,1147,220
5920220208,2025-07-19,26,User 28,23,1173,230
5920220208,2025-07-23,52,User 28,24,1225,240
5920220208,2025-07-25,43,User 28,25,1268,250
5920220208,2025-07-28,27,User 28,26,1295,260
5920220208,2025-07-30,9,User 28,27,1304,270
5920220208,2025-08-02,19,User 28,28,1323,280
5920220208,2025-08-05,20,User 28,29,1343,290
5920220208,2025-08-12,25,User 28,30,1368,300
5920220208,2025-08-18,84,User 28,31,1452,310
5920220208,2025-08-21,72,User 28,32,1524,320
5920220208,2025-08-23,46,User 28,33,1570,330
5920220208,2025-08-26,4,User 28,34,1574,340
5920220208,2025-08-29,31,User 28,35,1605,350
5920220208,2025-09-01,175,User 28,36,1780,360
5920220208,2025-09-04,50,User 28,37,1830,370
5920220208,2025-10-04,27,User 28,38,1857,380
5920220208,2025-10-07,39,User 28,39,1896,390
5920220208,2025-10-09,33,User 28,40,1929,400
5920220208,2025-10-11,17,User 28,41,1946,410
5920220208,2025-10-13,61,User 28,42,2007,420
5920220208,2025-10-15,17,User 28,43,2024,430
5920220208,2025-10-17,26,User 28,44,2050,440
5920220208,2025-10-21,48,User 28,45,2098,450
5920220208,2025-10-23,22,User 28,46,2120,460
5920220208,2025-10-25,32,User 28,47,2152,470
5920220208,2025-10-28,1,User 28,48,2153,480
5920220208,2025-10-30,85,User 28,49,2238,490
5920220208,2025-11-01,83,User 28,50,2321,500
5920220208,2025-11-04,68,User 28,51,2389,510
5920220208,2025-11-07,39,User 28,52,2428,520
5920220208,2025-11-11,9,User 28,53,2437,530
5920220208,2025-11-13,6,User 28,54,2443,540
5920220208,2025-11-14,31,User 28,55,2474,550
5920220208,2025-11-17,12,User 28,56,2486,560
5920220208,2025-11-20,13,User 28,57,2499,570
5920220208,2025-11-25,7,User 28,58,2506,580
5920220208,2025-11-26,1,User 28,59,2507,590
5920220208,2025-11-27,1,User 28,60,2508,600
5920220208,2025-11-29,17,User 28,61,2525,610
5920220208,2025-12-02,5,User 28,62,2530,620
5920220208,2025-12-04,54,User 28,63,2584,630
5920220208,2025-12-06,19,User 28,64,2603,640
5920220208,2025-12-08,4,User 28,65,2607,650
5920220208,2025-12-09,16,User 28,66,2623,660
5920220208,2025-12-17,4,User 28,67,2627,670
5920220208,2025-12-18,5,User 28,68,2632,680
5920220208,2025-12-19,27,User 28,69,2659,690
5920220208,2026-01-02,23,User 28,70,2682,700
5920220208,2026-01-03,78,User 28,71,2760,710
5920220208,2026-01-06,130,User 28,72,2890,720
5920220208,2026-01-08,13,User 28,73,2903,730
5920220208,2026-01-22,2,User 28,74,2905,740
5920220208,2026-01-24,7,User 28,75,2912,750
5920220208,2026-01-30,6,User 28,76,2918,760
5920220208,2026-02-10,13,User 28,77,2931,770
6128126684,2025-02-25,12,User 3,1,12,10
6128126684,2025-02-28,20,User 3,2,32,20
6128126684,2025-03-03,57,User 3,3,89,30
6128126684,2025-03-07,35,User 3,4,124,40
6128126684,2025-03-10,76,User 3,5,200,50
6128126684,2025-03-17,110,User 3,6,310,60
6128126684,2025-03-22,30,User 3,7,340,70
6128126684,2025-03-24,86,User 3,8,426,80
6128126684,2025-03-28,83,User 3,9,509,90
6128126684,2025-04-04,84,User 3,10,593,100
6128126684,2025-04-07,54,User 3,11,647,110
6128126684,2025-04-21,72,User 3,12,719,120
6128126684,2025-07-09,42,User 3,13,761,130
6128126684,2025-07-16,13,User 3,14,774,140
6128126684,2025-07-19,24,User 3,15,798,150
6128126684,2025-07-26,147,User 3,16,945,160
6128126684,2025-08-02,47,User 3,17,992,170
6128126684,2025-08-06,27,User 3,18,1019,180
6128126684,2025-08-20,109,User 3,19,1128,190
6128126684,2025-08-23,70,User 3,20,1198,200
6128126684,2025-09-17,63,User 3,21,1261,210
6128126684,2025-09-20,10,User 3,22,1271,220
6128126684,2025-10-08,3,User 3,23,1274,230
6128126684,2025-10-15,29,User 3,24,1303,240
6128126684,2025-10-22,59,User 3,25,1362,250
6128126684,2025-10-25,22,User 3,26,1384,260
6128126684,2025-10-29,20,User 3,27,1404,270
6128126684,2025-11-12,48,User 3,28,1452,280
6128126684,2025-11-19,71,User 3,29,1523,290
6128126684,2025-11-22,51,User 3,30,1574,300
6128126684,2025-11-26,37,User 3,31,1611,310
6128126684,2025-11-29,65,User 3,32,1676,320
6128126684,2025-12-03,42,User 3,33,1718,330
6128126684,2025-12-06,20,User 3,34,1738,340
6128126684,2025-12-20,2,User 3,35,1740,350
6128126684,2026-01-31,10,User 3,36,1750,360
6128126684,2026-02-07,9,User 3,37,1759,370
6581110928,2025-03-05,72,User 31,1,72,10
6581110928,2025-03-07,19,User 31,2,91,20
6581110928,2025-03-27,174,User 31,3,265,30
6581110928,2025-04-09,23,User 31,4,288,40
6581110928,2025-04-17,18,User 31,5,306,50
6581110928,2025-04-23,17,User 31,6,323,60
6581110928,2025-07-04,24,User 31,7,347,70
6581110928,2025-07-09,57,User 31,8,404,80
6581110928,2025-07-22,65,User 31,9,469,90
6581110928,2025-08-01,116,User 31,10,585,100
6581110928,2025-08-04,62,User 31,11,647,110
6581110928,2025-08-19,36,User 31,12,683,120
6581110928,2025-08-25,44,User 31,13,727,130
6581110928,2025-09-02,51,User 31,14,778,140
6581110928,2025-09-15,109,User 31,15,887,150
6581110928,2025-09-16,28,User 31,16,915,160
6581110928,2025-10-06,54,User 31,17,969,170
6581110928,2025-10-07,84,User 31,18,1053,180
6581110928,2025-10-14,60,User 31,19,1113,190
6581110928,2025-10-24,84,User 31,20,1197,200
6581110928,2025-11-04,48,User 31,21,1245,210
6581110928,2025-11-11,21,User 31,22,1266,220
6581110928,2025-12-01,41,User 31,23,1307,230
6581110928,2025-12-08,55,User 31,24,1362,240
6581110928,2025-12-09,96,User 31,25,1458,250
6581110928,2025-12-16,36,User 31,26,1494,260
6581110928,2025-12-23,48,User 31,27,1542,270
6581110928,2026-01-06,64,User 31,28,1606,280
6581110928,2026-01-20,13,User 31,29,1619,290
6581110928,2026-02-03,20,User 31,30,1639,300
6581110928,2026-02-09,52,User 31,31,1691,310
6581110928,2026-02-10,48,User 31,32,1739,320
6720196206,2025-03-04,48,User 26,1,48,10
6720196206,2025-03-05,23,User 26,2,71,20
6720196206,2025-03-07,38,User 26,3,109,30
6720196206,2025-03-12,35,User 26,4,144,40
6720196206,2025-03-26,7,User 26,5,151,50
6720196206,2025-03-29,15,User 26,6,166,60
6720196206,2025-07-02,14,User 26,7,180,70
6720196206,2025-07-03,34,User 26,8,214,80
6720196206,2025-07-22,13,User 26,9,227,90
6720196206,2025-08-04,11,User 26,10,238,100
6720196206,2025-09-16,1,User 26,11,239,110
6720196206,2025-10-07,5,User 26,12,244,120
6720196206,2025-10-08,8,User 26,13,252,130
6720196206,2025-10-13,11,User 26,14,263,140
6720196206,2025-10-14,4,User 26,15,267,150
6720196206,2025-10-22,25,User 26,16,292,160
6720196206,2025-10-24,4,User 26,17,296,170
6720196206,2025-10-28,13,User 26,18,309,180
6720196206,2025-10-30,12,User 26,19,321,190
6720196206,2025-11-03,8,User 26,20,329,200
6720196206,2025-11-04,14,User 26,21,343,210
6720196206,2025-11-11,3,User 26,22,346,220
6720196206,2025-11-12,7,User 26,23,353,230
6720196206,2025-11-19,6,User 26,24,359,240
6720196206,2025-11-24,30,User 26,25,389,250
6720196206,2025-11-25,40,User 26,26,429,260
6720196206,2025-12-04,59,User 26,27,488,270
6720196206,2025-12-09,12,User 26,28,500,280
6720196206,2025-12-31,10,User 26,29,510,290
6720196206,2026-01-06,42,User 26,30,552,300
6720196206,2026-01-19,31,User 26,31,583,310
6720196206,2026-01-20,12,User 26,32,595,320
6720196206,2026-01-28,51,User 26,33,646,330
6720196206,2026-02-02,5,User 26,34,651,340
6720196206,2026-02-10,22,User 26,35,673,350
6998068449,2025-02-25,5,User 2,1,5,10
6998068449,2025-02-27,28,User 2,2,33,20
6998068449,2025-03-04,23,User 2,3,56,30
6998068449,2025-03-06,77,User 2,4,133,40
6998068449,2025-03-12,56,User 2,5,189,50
6998068449,2025-03-13,77,User 2,6,266,60
6998068449,2025-03-18,57,User 2,7,323,70
6998068449,2025-03-20,77,User 2,8,400,80
6998068449,2025-03-25,70,User 2,9,470,90
6998068449,2025-03-27,16,User 2,10,486,100
6998068449,2025-04-03,130,User 2,11,616,110
6998068449,2025-04-08,45,User 2,12,661,120
6998068449,2025-04-10,45,User 2,13,706,130
6998068449,2025-04-17,106,User 2,14,812,140
6998068449,2025-04-22,90,User 2,15,902,150
6998068449,2025-05-21,1,User 2,16,903,160
6998068449,2025-07-09,27,User 2,17,930,170
6998068449,2025-07-16,43,User 2,18,973,180
6998068449,2025-07-19,68,User 2,19,1041,190
6998068449,2025-07-26,29,User 2,20,1070,200
6998068449,2025-07-30,103,User 2,21,1173,210
6998068449,2025-08-02,51,User 2,22,1224,220
6998068449,2025-08-06,62,User 2,23,1286,230
6998068449,2025-08-13,47,User 2,24,1333,240
6998068449,2025-08-20,52,User 2,25,1385,250
6998068449,2025-09-16,65,User 2,26,1450,260
6998068449,2025-09-17,84,User 2,27,1534,270
6998068449,2025-09-20,18,User 2,28,1552,280
6998068449,2025-10-08,64,User 2,29,1616,290
6998068449,2025-10-15,12,User 2,30,1628,300
6998068449,2025-10-22,26,User 2,31,1654,310
6998068449,2025-10-25,4,User 2,32,1658,320
6998068449,2025-11-12,9,User 2,33,1667,330
6998068449,2025-11-26,3,User 2,34,1670,340
6998068449,2025-11-29,38,User 2,35,1708,350
6998068449,2025-12-03,69,User 2,36,1777,360
6998068449,2025-12-06,70,User 2,37,1847,370
6998068449,2025-12-20,17,User 2,38,1864,380
6998068449,2026-01-03,57,User 2,39,1921,390
6998068449,2026-01-07,77,User 2,40,1998,400
6998068449,2026-01-17,46,User 2,41,2044,410
6998068449,2026-01-21,18,User 2,42,2062,420
6998068449,2026-01-28,3,User 2,43,2065,430
6998068449,2026-01-31,13,User 2,44,2078,440
6998068449,2026-02-04,61,User 2,45,2139,450
6998068449,2026-02-07,66,User 2,46,2205,460
7093194477,2025-02-25,24,User 1,1,24,10
7093194477,2025-02-28,12,User 1,2,36,20
7093194477,2025-03-05,52,User 1,3,88,30
7093194477,2025-03-10,19,User 1,4,107,40
7093194477,2025-03-11,5,User 1,5,112,50
7093194477,2025-03-12,16,User 1,6,128,60
7093194477,2025-03-13,64,User 1,7,192,70
7093194477,2025-03-18,8,User 1,8,200,80
7093194477,2025-03-22,16,User 1,9,216,90
7093194477,2025-03-24,84,User 1,10,300,100
7093194477,2025-03-25,20,User 1,11,320,110
7093194477,2025-06-25,39,User 1,12,359,120
7093194477,2025-07-02,10,User 1,13,369,130
7093194477,2025-07-03,9,User 1,14,378,140
7093194477,2025-07-07,24,User 1,15,402,150
7093194477,2025-07-11,11,User 1,16,413,160
7093194477,2025-07-14,12,User 1,17,425,170
7093194477,2025-07-15,16,User 1,18,441,180
7093194477,2025-07-22,27,User 1,19,468,190
7093194477,2025-07-29,70,User 1,20,538,200
7093194477,2025-08-04,15,User 1,21,553,210
7093194477,2025-08-05,10,User 1,22,563,220
7093194477,2025-08-19,15,User 1,23,578,230
7093194477,2025-08-20,1,User 1,24,579,240
7093194477,2025-09-01,6,User 1,25,585,250
7093194477,2025-09-02,33,User 1,26,618,260
7093194477,2025-09-08,4,User 1,27,622,270
7093194477,2025-09-11,37,User 1,28,659,280
7093194477,2025-09-15,5,User 1,29,664,290
7093194477,2025-09-16,16,User 1,30,680,300
7093194477,2025-10-10,2,User 1,31,682,310
7093194477,2025-10-13,13,User 1,32,695,320
7093194477,2025-10-14,9,User 1,33,704,330
7093194477,2025-10-22,2,User 1,34,706,340
7093194477,2025-10-24,11,User 1,35,717,350
7093194477,2025-10-28,22,User 1,36,739,360
7093194477,2025-10-30,24,User 1,37,763,370
7093194477,2025-11-03,2,User 1,38,765,380
7093194477,2025-11-04,10,User 1,39,775,390
7093194477,2025-11-11,1,User 1,40,776,400
7093194477,2025-11-12,6,User 1,41,782,410
7093194477,2025-11-19,53,User 1,42,835,420
7093194477,2025-11-21,61,User 1,43,896,430
7093194477,2025-11-24,2,User 1,44,898,440
7093194477,2025-11-25,4,User 1,45,902,450
7093194477,2025-12-03,15,User 1,46,917,460
7093194477,2025-12-04,4,User 1,47,921,470
7093194477,2025-12-08,5,User 1,48,926,480
7093194477,2025-12-09,5,User 1,49,931,490
7093194477,2025-12-18,3,User 1,50,934,500
7093194477,2025-12-19,14,User 1,51,948,510
7093194477,2025-12-31,3,User 1,52,951,520
7093194477,2026-01-02,3,User 1,53,954,530
7093194477,2026-01-03,1,User 1,54,955,540
7093194477,2026-01-05,5,User 1,55,960,550
7093194477,2026-01-06,2,User 1,56,962,560
7093194477,2026-01-19,1,User 1,57,963,570
7093194477,2026-01-20,1,User 1,58,964,580
7093194477,2026-01-27,1,User 1,59,965,590
7093194477,2026-01-28,3,User 1,60,968,600
7093194477,2026-02-02,1,User 1,61,969,610
7093194477,2026-02-03,1,User 1,62,970,620
7093194477,2026-02-09,8,User 1,63,978,630
7093194477,2026-02-10,4,User 1,64,982,640
7865659174,2025-02-27,44,User 33,1,44,10
7865659174,2025-03-05,58,User 33,2,102,20
7865659174,2025-03-06,106,User 33,3,208,30
7865659174,2025-03-11,75,User 33,4,283,40
7865659174,2025-03-13,131,User 33,5,414,50
7865659174,2025-03-18,81,User 33,6,495,60
7865659174,2025-03-20,80,User 33,7,575,70
7865659174,2025-03-25,68,User 33,8,643,80
7865659174,2025-04-03,31,User 33,9,674,90
7865659174,2025-04-08,45,User 33,10,719,100
7865659174,2025-04-10,46,User 33,11,765,110
7865659174,2025-04-17,97,User 33,12,862,120
7865659174,2025-04-22,49,User 33,13,911,130
7865659174,2025-07-09,19,User 33,14,930,140
7865659174,2025-07-19,40,User 33,15,970,150
7865659174,2025-07-26,76,User 33,16,1046,160
7865659174,2025-07-30,81,User 33,17,1127,170
7865659174,2025-08-02,44,User 33,18,1171,180
7865659174,2025-08-06,22,User 33,19,1193,190
7865659174,2025-08-13,16,User 33,20,1209,200
7865659174,2025-08-23,1,User 33,21,1210,210
7865659174,2025-09-20,12,User 33,22,1222,220
7865659174,2025-10-08,10,User 33,23,1232,230
7865659174,2025-10-15,28,User 33,24,1260,240
7865659174,2025-10-22,9,User 33,25,1269,250
7865659174,2025-10-25,19,User 33,26,1288,260
7865659174,2025-10-29,33,User 33,27,1321,270
7865659174,2025-11-12,48,User 33,28,1369,280
7865659174,2025-11-19,62,User 33,29,1431,290
7865659174,2025-11-22,20,User 33,30,1451,300
7865659174,2025-11-26,31,User 33,31,1482,310
7865659174,2025-11-29,13,User 33,32,1495,320
7865659174,2025-12-27,2,User 33,33,1497,330
7865659174,2026-01-07,15,User 33,34,1512,340
7865659174,2026-01-17,16,User 33,35,1528,350
7865659174,2026-01-28,8,User 33,36,1536,360
7865659174,2026-01-31,7,User 33,37,1543,370
7865659174,2026-02-04,26,User 33,38,1569,380
8264928751,2025-03-05,27,User 29,1,27,10
8264928751,2025-03-07,15,User 29,2,42,20
8264928751,2025-03-13,85,User 29,3,127,30
8264928751,2025-03-26,62,User 29,4,189,40
8264928751,2025-03-27,87,User 29,5,276,50
8264928751,2025-04-02,32,User 29,6,308,60
8264928751,2025-04-03,46,User 29,7,354,70
8264928751,2025-04-04,70,User 29,8,424,80
8264928751,2025-04-09,20,User 29,9,444,90
8264928751,2025-04-10,145,User 29,10,589,100
8264928751,2025-04-17,50,User 29,11,639,110
8264928751,2025-04-23,13,User 29,12,652,120
8264928751,2025-06-28,58,User 29,13,710,130
8264928751,2025-07-04,15,User 29,14,725,140
8264928751,2025-07-09,75,User 29,15,800,150
8264928751,2025-07-22,101,User 29,16,901,160
8264928751,2025-08-01,31,User 29,17,932,170
8264928751,2025-08-11,56,User 29,18,988,180
8264928751,2025-09-08,9,User 29,19,997,190
8264928751,2025-10-06,8,User 29,20,1005,200
8264928751,2025-10-07,41,User 29,21,1046,210
8264928751,2025-10-13,18,User 29,22,1064,220
8264928751,2025-10-14,31,User 29,23,1095,230
8264928751,2025-10-24,37,User 29,24,1132,240
8264928751,2025-11-03,38,User 29,25,1170,250
8264928751,2025-11-04,61,User 29,26,1231,260
8264928751,2025-11-11,50,User 29,27,1281,270
8264928751,2025-11-17,54,User 29,28,1335,280
8264928751,2025-11-18,56,User 29,29,1391,290
8264928751,2025-11-24,11,User 29,30,1402,300
8264928751,2025-12-01,30,User 29,31,1432,310
8264928751,2025-12-02,10,User 29,32,1442,320
8264928751,2025-12-08,11,User 29,33,1453,330
8264928751,2025-12-09,23,User 29,34,1476,340
8264928751,2025-12-15,26,User 29,35,1502,350
8264928751,2025-12-16,29,User 29,36,1531,360
8264928751,2025-12-22,72,User 29,37,1603,370
8264928751,2025-12-23,64,User 29,38,1667,380
8264928751,2025-12-30,12,User 29,39,1679,390
8264928751,2026-01-05,28,User 29,40,1707,400
8264928751,2026-01-27,14,User 29,41,1721,410
8264928751,2026-02-02,16,User 29,42,1737,420
8264928751,2026-02-03,20,User 29,43,1757,430
8264928751,2026-02-09,30,User 29,44,1787,440
8264928751,2026-02-10,18,User 29,45,1805,450
8854632361,2025-03-04,72,User 20,1,72,10
8854632361,2025-03-07,27,User 20,2,99,20
8854632361,2025-03-12,73,User 20,3,172,30
8854632361,2025-03-17,39,User 20,4,211,40
8854632361,2025-03-20,69,User 20,5,280,50
8854632361,2025-03-22,54,User 20,6,334,60
8854632361,2025-03-24,27,User 20,7,361,70
8854632361,2025-03-25,17,User 20,8,378,80
8854632361,2025-03-26,16,User 20,9,394,90
8854632361,2025-03-28,66,User 20,10,460,100
8854632361,2025-03-29,60,User 20,11,520,110
8854632361,2025-04-02,41,User 20,12,561,120
8854632361,2025-04-03,3,User 20,13,564,130
8854632361,2025-06-20,51,User 20,14,615,140
8854632361,2025-06-23,17,User 20,15,632,150
8854632361,2025-07-29,14,User 20,16,646,160
8854632361,2025-08-04,30,User 20,17,676,170
8854632361,2025-08-05,18,User 20,18,694,180
8854632361,2025-08-11,24,User 20,19,718,190
8854632361,2025-08-13,23,User 20,20,741,200
8854632361,2025-08-21,10,User 20,21,751,210
8854632361,2025-08-26,23,User 20,22,774,220
8854632361,2025-09-01,11,User 20,23,785,230
8854632361,2025-09-02,22,User 20,24,807,240
8854632361,2025-09-11,28,User 20,25,835,250
8854632361,2025-09-16,37,User 20,26,872,260
8854632361,2025-10-06,31,User 20,27,903,270
8854632361,2025-10-07,54,User 20,28,957,280
8854632361,2025-10-13,74,User 20,29,1031,290
8854632361,2025-10-14,38,User 20,30,1069,300
8854632361,2025-10-22,19,User 20,31,1088,310
8854632361,2025-10-24,22,User 20,32,1110,320
8854632361,2025-10-28,22,User 20,33,1132,330
8854632361,2025-10-30,15,User 20,34,1147,340
8854632361,2025-11-03,17,User 20,35,1164,350
8854632361,2025-11-04,8,User 20,36,1172,360
8854632361,2025-11-11,12,User 20,37,1184,370
8854632361,2025-11-13,12,User 20,38,1196,380
8854632361,2025-11-14,6,User 20,39,1202,390
8854632361,2025-11-24,11,User 20,40,1213,400
8854632361,2025-11-25,9,User 20,41,1222,410
8854632361,2025-12-03,8,User 20,42,1230,420
8854632361,2025-12-04,23,User 20,43,1253,430
8854632361,2025-12-08,18,User 20,44,1271,440
8854632361,2025-12-09,21,User 20,45,1292,450
8854632361,2025-12-18,31,User 20,46,1323,460
8854632361,2025-12-19,7,User 20,47,1330,470
8854632361,2025-12-31,14,User 20,48,1344,480
8854632361,2026-01-02,22,User 20,49,1366,490
8854632361,2026-01-05,24,User 20,50,1390,500
8854632361,2026-01-06,21,User 20,51,1411,510
8854632361,2026-01-20,9,User 20,52,1420,520
8854632361,2026-01-27,17,User 20,53,1437,530
8854632361,2026-01-28,40,User 20,54,1477,540
8854632361,2026-02-02,42,User 20,55,1519,550
8854632361,2026-02-03,28,User 20,56,1547,560
8854632361,2026-02-09,33,User 20,57,1580,570
8854632361,2026-02-10,53,User 20,58,1633,580
8982375934,2025-02-28,43,User 22,1,43,10
8982375934,2025-03-04,42,User 22,2,85,20
8982375934,2025-03-07,70,User 22,3,155,30
8982375934,2025-03-11,100,User 22,4,255,40
8982375934,2025-03-15,58,User 22,5,313,50
8982375934,2025-03-17,39,User 22,6,352,60
8982375934,2025-03-18,13,User 22,7,365,70
8982375934,2025-03-25,101,User 22,8,466,80
8982375934,2025-03-27,19,User 22,9,485,90
8982375934,2025-04-04,104,User 22,10,589,100
8982375934,2025-04-09,124,User 22,11,713,110
8982375934,2025-07-08,62,User 22,12,775,120
8982375934,2025-07-15,153,User 22,13,928,130
8982375934,2025-07-28,81,User 22,14,1009,140
8982375934,2025-08-06,45,User 22,15,1054,150
8982375934,2025-08-13,15,User 22,16,1069,160
8982375934,2025-08-21,26,User 22,17,1095,170
8982375934,2025-08-25,53,User 22,18,1148,180
8982375934,2025-09-01,122,User 22,19,1270,190
8982375934,2025-09-08,52,User 22,20,1322,200
8982375934,2025-10-06,34,User 22,21,1356,210
8982375934,2025-10-16,40,User 22,22,1396,220
8982375934,2025-10-22,100,User 22,23,1496,230
8982375934,2025-11-04,41,User 22,24,1537,240
8982375934,2025-11-13,13,User 22,25,1550,250
8982375934,2026-01-31,18,User 22,26,1568,260
8982375934,2026-02-06,12,User 22,27,1580,270
9479867791,2025-03-05,48,User 35,1,48,10
9479867791,2025-03-11,52,User 35,2,100,20
9479867791,2025-03-13,68,User 35,3,168,30
9479867791,2025-03-17,72,User 35,4,240,40
9479867791,2025-03-18,82,User 35,5,322,50
9479867791,2025-03-20,70,User 35,6,392,60
9479867791,2025-03-25,52,User 35,7,444,70
9479867791,2025-04-02,66,User 35,8,510,80
9479867791,2025-04-04,101,User 35,9,611,90
9479867791,2025-04-10,30,User 35,10,641,100
9479867791,2025-06-23,15,User 35,11,656,110
9479867791,2025-06-24,12,User 35,12,668,120
9479867791,2025-06-26,21,User 35,13,689,130
9479867791,2025-06-30,31,User 35,14,720,140
9479867791,2025-07-02,28,User 35,15,748,150
9479867791,2025-07-17,60,User 35,16,808,160
9479867791,2025-07-25,49,User 35,17,857,170
9479867791,2025-07-30,30,User 35,18,887,180
9479867791,2025-08-01,92,User 35,19,979,190
9479867791,2025-09-15,2,User 35,20,981,200
9479867791,2025-09-16,22,User 35,21,1003,210
9479867791,2025-10-07,59,User 35,22,1062,220
9479867791,2025-10-13,8,User 35,23,1070,230
9479867791,2025-10-14,9,User 35,24,1079,240
9479867791,2025-10-21,66,User 35,25,1145,250
9479867791,2025-10-27,7,User 35,26,1152,260
9479867791,2025-10-28,45,User 35,27,1197,270
9479867791,2025-10-30,1,User 35,28,1198,280
9479867791,2025-11-04,3,User 35,29,1201,290
9479867791,2025-11-10,7,User 35,30,1208,300
9479867791,2025-11-11,18,User 35,31,1226,310
9479867791,2025-11-17,16,User 35,32,1242,320
9479867791,2025-11-18,25,User 35,33,1267,330
9479867791,2025-11-29,36,User 35,34,1303,340
9479867791,2025-12-01,5,User 35,35,1308,350
9479867791,2025-12-02,9,User 35,36,1317,360
9479867791,2025-12-09,2,User 35,37,1319,370
9479867791,2025-12-23,2,User 35,38,1321,380
9479867791,2026-02-09,2,User 35,39,1323,390
9479867791,2026-02-10,1,User 35,40,1324,400
9491536240,2025-03-03,6,User 14,1,6,10
9491536240,2025-03-15,15,User 14,2,21,20
9491536240,2025-03-19,35,User 14,3,56,30
9491536240,2025-04-04,4,User 14,4,60,40
9491536240,2025-04-17,13,User 14,5,73,50
9491536240,2025-06-28,6,User 14,6,79,60
9491536240,2025-07-23,57,User 14,7,136,70
9491536240,2025-08-19,4,User 14,8,140,80
9491536240,2025-08-28,20,User 14,9,160,90
9491536240,2025-09-09,45,User 14,10,205,100
9491536240,2025-09-12,15,User 14,11,220,110
9491536240,2025-09-15,15,User 14,12,235,120
9491536240,2025-09-19,12,User 14,13,247,130
9491536240,2025-10-07,12,User 14,14,259,140
9491536240,2025-10-08,12,User 14,15,271,150
9491536240,2025-10-14,9,User 14,16,280,160
9491536240,2025-10-21,12,User 14,17,292,170
9491536240,2025-10-27,12,User 14,18,304,180
9491536240,2025-11-01,12,User 14,19,316,190
9491536240,2025-11-07,8,User 14,20,324,200
9491536240,2025-11-10,15,User 14,21,339,210
9491536240,2025-11-11,19,User 14,22,358,220
9491536240,2025-11-12,14,User 14,23,372,230
9491536240,2025-11-13,24,User 14,24,396,240
9491536240,2025-11-17,14,User 14,25,410,250
9491536240,2025-11-19,10,User 14,26,420,260
9491536240,2025-11-21,5,User 14,27,425,270
9491536240,2025-11-24,12,User 14,28,437,280
9491536240,2025-11-29,12,User 14,29,449,290
9491536240,2025-12-31,18,User 14,30,467,300
9491536240,2026-01-07,5,User 14,31,472,310
9491536240,2026-01-08,10,User 14,32,482,320
9491536240,2026-01-22,12,User 14,33,494,330
9491536240,2026-01-23,9,User 14,34,503,340
9491536240,2026-01-27,9,User 14,35,512,350
9491536240,2026-02-02,12,User 14,36,524,360
9491536240,2026-02-06,12,User 14,37,536,370
9491536240,2026-02-10,9,User 14,38,545,380
9555457366,2025-02-25,48,User 9,1,48,10
9555457366,2025-02-28,66,User 9,2,114,20
9555457366,2025-03-03,122,User 9,3,236,30
9555457366,2025-03-07,48,User 9,4,284,40
9555457366,2025-03-10,92,User 9,5,376,50
9555457366,2025-03-17,170,User 9,6,546,60
9555457366,2025-03-22,35,User 9,7,581,70
9555457366,2025-03-24,78,User 9,8,659,80
9555457366,2025-03-28,58,User 9,9,717,90
9555457366,2025-04-04,67,User 9,10,784,100
9555457366,2025-04-07,102,User 9,11,886,110
9555457366,2025-04-21,153,User 9,12,1039,120
9555457366,2025-07-10,21,User 9,13,1060,130
9555457366,2025-07-15,31,User 9,14,1091,140
9555457366,2025-07-17,61,User 9,15,1152,150
9555457366,2025-07-29,37,User 9,16,1189,160
9555457366,2025-07-31,24,User 9,17,1213,170
9555457366,2025-08-05,28,User 9,18,1241,180
9555457366,2025-08-07,91,User 9,19,1332,190
9555457366,2025-08-12,49,User 9,20,1381,200
9555457366,2025-08-29,49,User 9,21,1430,210
9555457366,2025-09-02,21,User 9,22,1451,220
9555457366,2025-09-09,2,User 9,23,1453,230
9555457366,2025-09-12,41,User 9,24,1494,240
9555457366,2025-09-16,41,User 9,25,1535,250
9555457366,2025-09-19,18,User 9,26,1553,260
9555457366,2025-10-07,27,User 9,27,1580,270
9555457366,2025-10-10,54,User 9,28,1634,280
9555457366,2025-10-14,57,User 9,29,1691,290
9555457366,2025-10-17,82,User 9,30,1773,300
9555457366,2025-10-24,92,User 9,31,1865,310
9555457366,2025-11-04,63,User 9,32,1928,320
9555457366,2025-11-07,45,User 9,33,1973,330
9555457366,2025-11-14,13,User 9,34,1986,340
9555457366,2025-11-18,54,User 9,35,2040,350
9555457366,2025-11-21,180,User 9,36,2220,360
9555457366,2025-11-25,54,User 9,37,2274,370
9555457366,2025-11-28,44,User 9,38,2318,380
9555457366,2025-12-02,32,User 9,39,2350,390
9555457366,2025-12-05,30,User 9,40,2380,400
9555457366,2025-12-09,42,User 9,41,2422,410
9555457366,2025-12-30,53,User 9,42,2475,420
9555457366,2026-01-06,73,User 9,43,2548,430
9555457366,2026-01-09,74,User 9,44,2622,440
9555457366,2026-02-06,86,User 9,45,2708,450
