Learner_ID,Week,Weekly_Questions,User_Name,Week_Number,Cumulative_Actual,Classroom_Benchmark
1151066614,2025-05-26,0,User 2,1,0,50
1151066614,2025-06-02,0,User 2,2,0,100
1151066614,2025-06-09,0,User 2,3,0,150
1151066614,2025-06-16,0,User 2,4,0,200
1151066614,2025-06-23,35,User 2,5,35,250
1151066614,2025-06-30,114,User 2,6,149,300
1151066614,2025-07-07,449,User 2,7,598,350
1151066614,2025-07-14,265,User 2,8,863,400
1151066614,2025-07-21,106,User 2,9,969,450
1151066614,2025-07-28,163,User 2,10,1132,500
1151066614,2025-08-04,165,User 2,11,1297,550
1151066614,2025-08-11,0,User 2,12,1297,600
1151066614,2025-08-18,62,User 2,13,1359,650
1151066614,2025-08-25,42,User 2,14,1401,700
1151066614,2025-09-01,133,User 2,15,1534,750
1151066614,2025-09-08,137,User 2,16,1671,800
1151066614,2025-09-15,36,User 2,17,1707,850
1151066614,2025-09-22,0,User 2,18,1707,900
1151066614,2025-09-29,0,User 2,19,1707,950
1151066614,2025-10-06,121,User 2,20,1828,1000
1151066614,2025-10-13,133,User 2,21,1961,1050
1151066614,2025-10-20,73,User 2,22,2034,1100
1151066614,2025-10-27,85,User 2,23,2119,1150
1151066614,2025-11-03,36,User 2,24,2155,1200
1151066614,2025-11-10,94,User 2,25,2249,1250
1151066614,2025-11-17,272,User 2,26,2521,1300
1151066614,2025-11-24,604,User 2,27,3125,1350
1151066614,2025-12-01,36,User 2,28,3161,1400
1151066614,2025-12-08,0,User 2,29,3161,1450
1151066614,2025-12-15,0,User 2,30,3161,1500
1151066614,2025-12-22,0,User 2,31,3161,1550
1151066614,2025-12-29,0,User 2,32,3161,1600
1151066614,2026-01-05,0,User 2,33,3161,1650
1151066614,2026-01-12,0,User 2,34,3161,1700
1151066614,2026-01-19,0,User 2,35,3161,1750
1151066614,2026-01-26,0,User 2,36,3161,1800
1158676092,2025-05-26,0,User 5,1,0,50
1158676092,2025-06-02,0,User 5,2,0,100
1158676092,2025-06-09,0,User 5,3,0,150
1158676092,2025-06-16,0,User 5,4,0,200
1158676092,2025-06-23,83,User 5,5,83,250
1158676092,2025-06-30,209,User 5,6,292,300
1158676092,2025-07-07,222,User 5,7,514,350
1158676092,2025-07-14,46,User 5,8,560,400
1158676092,2025-07-21,38,User 5,9,598,450
1158676092,2025-07-28,174,User 5,10,772,500
1158676092,2025-08-04,207,User 5,11,979,550
1158676092,2025-08-11,0,User 5,12,979,600
1158676092,2025-08-18,62,User 5,13,1041,650
1158676092,2025-08-25,77,User 5,14,1118,700
1158676092,2025-09-01,144,User 5,15,1262,750
1158676092,2025-09-08,126,User 5,16,1388,800
1158676092,2025-09-15,86,User 5,17,1474,850
1158676092,2025-09-22,0,User 5,18,1474,900
1158676092,2025-09-29,0,User 5,19,1474,950
1158676092,2025-10-06,139,User 5,20,1613,1000
1158676092,2025-10-13,75,User 5,21,1688,1050
1158676092,2025-10-20,21,User 5,22,1709,1100
1158676092,2025-10-27,64,User 5,23,1773,1150
1158676092,2025-11-03,0,User 5,24,1773,1200
1158676092,2025-11-10,89,User 5,25,1862,1250
1158676092,2025-11-17,66,User 5,26,1928,1300
1158676092,2025-11-24,112,User 5,27,2040,1350
1158676092,2025-12-01,260,User 5,28,2300,1400
1158676092,2025-12-08,180,User 5,29,2480,1450
1158676092,2025-12-15,252,User 5,30,2732,1500
1158676092,2025-12-22,77,User 5,31,2809,1550
1158676092,2025-12-29,193,User 5,32,3002,1600
1158676092,2026-01-05,0,User 5,33,3002,1650
1158676092,2026-01-12,0,User 5,34,3002,1700
1158676092,2026-01-19,0,User 5,35,3002,1750
1158676092,2026-01-26,0,User 5,36,3002,1800
1513887434,2025-05-26,0,User 32,1,0,50
1513887434,2025-06-02,0,User 32,2,0,100
1513887434,2025-06-09,0,User 32,3,0,150
1513887434,2025-06-16,0,User 32,4,0,200
1513887434,2025-06-23,0,User 32,5,0,250
1513887434,2025-06-30,0,User 32,6,0,300
1513887434,2025-07-07,0,User 32,7,0,350
1513887434,2025-07-14,0,User 32,8,0,400
1513887434,2025-07-21,0,User 32,9,0,450
1513887434,2025-07-28,0,User 32,10,0,500
1513887434,2025-08-04,0,User 32,11,0,550
1513887434,2025-08-11,0,User 32,12,0,600
1513887434,2025-08-18,359,User 32,13,359,650
1513887434,2025-08-25,142,User 32,14,501,700
1513887434,2025-09-01,0,User 32,15,501,750
1513887434,2025-09-08,0,User 32,16,501,800
1513887434,2025-09-15,605,User 32,17,1106,850
1513887434,2025-09-22,0,User 32,18,1106,900
1513887434,2025-09-29,0,User 32,19,1106,950
1513887434,2025-10-06,0,User 32,20,1106,1000
1513887434,2025-10-13,424,User 32,21,1530,1050
1513887434,2025-10-20,11,User 32,22,1541,1100
1513887434,2025-10-27,38,User 32,23,1579,1150
1513887434,2025-11-03,351,User 32,24,1930,1200
1513887434,2025-11-10,190,User 32,25,2120,1250
1513887434,2025-11-17,636,User 32,26,2756,1300
1513887434,2025-11-24,674,User 32,27,3430,1350
1513887434,2025-12-01,403,User 32,28,3833,1400
1513887434,2025-12-08,0,User 32,29,3833,1450
1513887434,2025-12-15,0,User 32,30,3833,1500
1513887434,2025-12-22,0,User 32,31,3833,1550
1513887434,2025-12-29,0,User 32,32,3833,1600
1513887434,2026-01-05,0,User 32,33,3833,1650
1513887434,2026-01-12,0,User 32,34,3833,1700
1513887434,2026-01-19,0,User 32,35,3833,1750
1513887434,2026-01-26,0,User 32,36,3833,1800
2564079853,2025-05-26,0,User 17,1,0,50
2564079853,2025-06-02,0,User 17,2,0,100
2564079853,2025-06-09,0,User 17,3,0,150
2564079853,2025-06-16,0,User 17,4,0,200
2564079853,2025-06-23,81,User 17,5,81,250
2564079853,2025-06-30,174,User 17,6,255,300
2564079853,2025-07-07,466,User 17,7,721,350
2564079853,2025-07-14,595,User 17,8,1316,400
2564079853,2025-07-21,43,User 17,9,1359,450
2564079853,2025-07-28,0,User 17,10,1359,500
2564079853,2025-08-04,0,User 17,11,1359,550
2564079853,2025-08-11,0,User 17,12,1359,600
2564079853,2025-08-18,0,User 17,13,1359,650
2564079853,2025-08-25,0,User 17,14,1359,700
2564079853,2025-09-01,0,User 17,15,1359,750
2564079853,2025-09-08,0,User 17,16,1359,800
2564079853,2025-09-15,0,User 17,17,1359,850
2564079853,2025-09-22,0,User 17,18,1359,900
2564079853,2025-09-29,0,User 17,19,1359,950
2564079853,2025-10-06,0,User 17,20,1359,1000
2564079853,2025-10-13,11,User 17,21,1370,1050
2564079853,2025-10-20,97,User 17,22,1467,1100
2564079853,2025-10-27,68,User 17,23,1535,1150
2564079853,2025-11-03,447,User 17,24,1982,1200
2564079853,2025-11-10,28,User 17,25,2010,1250
2564079853,2025-11-17,0,User 17,26,2010,1300
2564079853,2025-11-24,430,User 17,27,2440,1350
2564079853,2025-12-01,489,User 17,28,2929,1400
2564079853,2025-12-08,101,User 17,29,3030,1450
2564079853,2025-12-15,129,User 17,30,3159,1500
2564079853,2025-12-22,170,User 17,31,3329,1550
2564079853,2025-12-29,281,User 17,32,3610,1600
2564079853,2026-01-05,41,User 17,33,3651,1650
2564079853,2026-01-12,0,User 17,34,3651,1700
2564079853,2026-01-19,232,User 17,35,3883,1750
2564079853,2026-01-26,105,User 17,36,3988,1800
2591660013,2025-05-26,0,User 1,1,0,50
2591660013,2025-06-02,0,User 1,2,0,100
2591660013,2025-06-09,0,User 1,3,0,150
2591660013,2025-06-16,0,User 1,4,0,200
2591660013,2025-06-23,71,User 1,5,71,250
2591660013,2025-06-30,162,User 1,6,233,300
2591660013,2025-07-07,374,User 1,7,607,350
2591660013,2025-07-14,311,User 1,8,918,400
2591660013,2025-07-21,136,User 1,9,1054,450
2591660013,2025-07-28,288,User 1,10,1342,500
2591660013,2025-08-04,13,User 1,11,1355,550
2591660013,2025-08-11,0,User 1,12,1355,600
2591660013,2025-08-18,0,User 1,13,1355,650
2591660013,2025-08-25,0,User 1,14,1355,700
2591660013,2025-09-01,0,User 1,15,1355,750
2591660013,2025-09-08,0,User 1,16,1355,800
2591660013,2025-09-15,0,User 1,17,1355,850
2591660013,2025-09-22,0,User 1,18,1355,900
2591660013,2025-09-29,0,User 1,19,1355,950
2591660013,2025-10-06,0,User 1,20,1355,1000
2591660013,2025-10-13,0,User 1,21,1355,1050
2591660013,2025-10-20,0,User 1,22,1355,1100
2591660013,2025-10-27,0,User 1,23,1355,1150
2591660013,2025-11-03,211,User 1,24,1566,1200
2591660013,2025-11-10,166,User 1,25,1732,1250
2591660013,2025-11-17,73,User 1,26,1805,1300
2591660013,2025-11-24,241,User 1,27,2046,1350
2591660013,2025-12-01,440,User 1,28,2486,1400
2591660013,2025-12-08,97,User 1,29,2583,1450
2591660013,2025-12-15,41,User 1,30,2624,1500
2591660013,2025-12-22,106,User 1,31,2730,1550
2591660013,2025-12-29,350,User 1,32,3080,1600
2591660013,2026-01-05,369,User 1,33,3449,1650
2591660013,2026-01-12,0,User 1,34,3449,1700
2591660013,2026-01-19,0,User 1,35,3449,1750
2591660013,2026-01-26,0,User 1,36,3449,1800
2783140636,2025-05-26,0,User 31,1,0,50
2783140636,2025-06-02,0,User 31,2,0,100
2783140636,2025-06-09,0,User 31,3,0,150
2783140636,2025-06-16,0,User 31,4,0,200
2783140636,2025-06-23,0,User 31,5,0,250
2783140636,2025-06-30,135,User 31,6,135,300
2783140636,2025-07-07,138,User 31,7,273,350
2783140636,2025-07-14,183,User 31,8,456,400
2783140636,2025-07-21,0,User 31,9,456,450
2783140636,2025-07-28,88,User 31,10,544,500
2783140636,2025-08-04,68,User 31,11,612,550
2783140636,2025-08-11,0,User 31,12,612,600
2783140636,2025-08-18,132,User 31,13,744,650
2783140636,2025-08-25,134,User 31,14,878,700
2783140636,2025-09-01,244,User 31,15,1122,750
2783140636,2025-09-08,68,User 31,16,1190,800
2783140636,2025-09-15,134,User 31,17,1324,850
2783140636,2025-09-22,0,User 31,18,1324,900
2783140636,2025-09-29,0,User 31,19,1324,950
2783140636,2025-10-06,180,User 31,20,1504,1000
2783140636,2025-10-13,60,User 31,21,1564,1050
2783140636,2025-10-20,208,User 31,22,1772,1100
2783140636,2025-10-27,148,User 31,23,1920,1150
2783140636,2025-11-03,126,User 31,24,2046,1200
2783140636,2025-11-10,309,User 31,25,2355,1250
2783140636,2025-11-17,287,User 31,26,2642,1300
2783140636,2025-11-24,112,User 31,27,2754,1350
2783140636,2025-12-01,148,User 31,28,2902,1400
2783140636,2025-12-08,119,User 31,29,3021,1450
2783140636,2025-12-15,158,User 31,30,3179,1500
2783140636,2025-12-22,51,User 31,31,3230,1550
2783140636,2025-12-29,31,User 31,32,3261,1600
2783140636,2026-01-05,396,User 31,33,3657,1650
2783140636,2026-01-12,78,User 31,34,3735,1700
2783140636,2026-01-19,51,User 31,35,3786,1750
2783140636,2026-01-26,35,User 31,36,3821,1800
3123598951,2025-05-26,0,User 20,1,0,50
3123598951,2025-06-02,0,User 20,2,0,100
3123598951,2025-06-09,0,User 20,3,0,150
3123598951,2025-06-16,0,User 20,4,0,200
3123598951,2025-06-23,17,User 20,5,17,250
3123598951,2025-06-30,62,User 20,6,79,300
3123598951,2025-07-07,137,User 20,7,216,350
3123598951,2025-07-14,363,User 20,8,579,400
3123598951,2025-07-21,146,User 20,9,725,450
3123598951,2025-07-28,308,User 20,10,1033,500
3123598951,2025-08-04,183,User 20,11,1216,550
3123598951,2025-08-11,48,User 20,12,1264,600
3123598951,2025-08-18,91,User 20,13,1355,650
3123598951,2025-08-25,134,User 20,14,1489,700
3123598951,2025-09-01,0,User 20,15,1489,750
3123598951,2025-09-08,0,User 20,16,1489,800
3123598951,2025-09-15,16,User 20,17,1505,850
3123598951,2025-09-22,0,User 20,18,1505,900
3123598951,2025-09-29,0,User 20,19,1505,950
3123598951,2025-10-06,56,User 20,20,1561,1000
3123598951,2025-10-13,134,User 20,21,1695,1050
3123598951,2025-10-20,83,User 20,22,1778,1100
3123598951,2025-10-27,173,User 20,23,1951,1150
3123598951,2025-11-03,243,User 20,24,2194,1200
3123598951,2025-11-10,653,User 20,25,2847,1250
3123598951,2025-11-17,110,User 20,26,2957,1300
3123598951,2025-11-24,0,User 20,27,2957,1350
3123598951,2025-12-01,0,User 20,28,2957,1400
3123598951,2025-12-08,0,User 20,29,2957,1450
3123598951,2025-12-15,0,User 20,30,2957,1500
3123598951,2025-12-22,0,User 20,31,2957,1550
3123598951,2025-12-29,0,User 20,32,2957,1600
3123598951,2026-01-05,0,User 20,33,2957,1650
3123598951,2026-01-12,0,User 20,34,2957,1700
3123598951,2026-01-19,0,User 20,35,2957,1750
3123598951,2026-01-26,0,User 20,36,2957,1800
3673443029,2025-05-26,0,User 8,1,0,50
3673443029,2025-06-02,0,User 8,2,0,100
3673443029,2025-06-09,0,User 8,3,0,150
3673443029,2025-06-16,0,User 8,4,0,200
3673443029,2025-06-23,0,User 8,5,0,250
3673443029,2025-06-30,152,User 8,6,152,300
3673443029,2025-07-07,0,User 8,7,152,350
3673443029,2025-07-14,69,User 8,8,221,400
3673443029,2025-07-21,140,User 8,9,361,450
3673443029,2025-07-28,331,User 8,10,692,500
3673443029,2025-08-04,196,User 8,11,888,550
3673443029,2025-08-11,342,User 8,12,1230,600
3673443029,2025-08-18,224,User 8,13,1454,650
3673443029,2025-08-25,129,User 8,14,1583,700
3673443029,2025-09-01,241,User 8,15,1824,750
3673443029,2025-09-08,57,User 8,16,1881,800
3673443029,2025-09-15,68,User 8,17,1949,850
3673443029,2025-09-22,0,User 8,18,1949,900
3673443029,2025-09-29,0,User 8,19,1949,950
3673443029,2025-10-06,0,User 8,20,1949,1000
3673443029,2025-10-13,255,User 8,21,2204,1050
3673443029,2025-10-20,752,User 8,22,2956,1100
3673443029,2025-10-27,436,User 8,23,3392,1150
3673443029,2025-11-03,453,User 8,24,3845,1200
3673443029,2025-11-10,141,User 8,25,3986,1250
3673443029,2025-11-17,56,User 8,26,4042,1300
3673443029,2025-11-24,95,User 8,27,4137,1350
3673443029,2025-12-01,67,User 8,28,4204,1400
3673443029,2025-12-08,0,User 8,29,4204,1450
3673443029,2025-12-15,0,User 8,30,4204,1500
3673443029,2025-12-22,0,User 8,31,4204,1550
3673443029,2025-12-29,0,User 8,32,4204,1600
3673443029,2026-01-05,0,User 8,33,4204,1650
3673443029,2026-01-12,0,User 8,34,4204,1700
3673443029,2026-01-19,0,User 8,35,4204,1750
3673443029,2026-01-26,0,User 8,36,4204,1800
3999252260,2025-05-26,0,User 3,1,0,50
3999252260,2025-06-02,0,User 3,2,0,100
3999252260,2025-06-09,0,User 3,3,0,150
3999252260,2025-06-16,0,User 3,4,0,200
3999252260,2025-06-23,0,User 3,5,0,250
3999252260,2025-06-30,75,User 3,6,75,300
3999252260,2025-07-07,107,User 3,7,182,350
3999252260,2025-07-14,318,User 3,8,500,400
3999252260,2025-07-21,65,User 3,9,565,450
3999252260,2025-07-28,247,User 3,10,812,500
3999252260,2025-08-04,214,User 3,11,1026,550
3999252260,2025-08-11,123,User 3,12,1149,600
3999252260,2025-08-18,220,User 3,13,1369,650
3999252260,2025-08-25,263,User 3,14,1632,700
3999252260,2025-09-01,498,User 3,15,2130,750
3999252260,2025-09-08,173,User 3,16,2303,800
3999252260,2025-09-15,59,User 3,17,2362,850
3999252260,2025-09-22,0,User 3,18,2362,900
3999252260,2025-09-29,0,User 3,19,2362,950
3999252260,2025-10-06,64,User 3,20,2426,1000
3999252260,2025-10-13,320,User 3,21,2746,1050
3999252260,2025-10-20,163,User 3,22,2909,1100
3999252260,2025-10-27,279,User 3,23,3188,1150
3999252260,2025-11-03,171,User 3,24,3359,1200
3999252260,2025-11-10,280,User 3,25,3639,1250
3999252260,2025-11-17,285,User 3,26,3924,1300
3999252260,2025-11-24,633,User 3,27,4557,1350
3999252260,2025-12-01,127,User 3,28,4684,1400
3999252260,2025-12-08,0,User 3,29,4684,1450
3999252260,2025-12-15,0,User 3,30,4684,1500
3999252260,2025-12-22,0,User 3,31,4684,1550
3999252260,2025-12-29,0,User 3,32,4684,1600
3999252260,2026-01-05,0,User 3,33,4684,1650
3999252260,2026-01-12,0,User 3,34,4684,1700
3999252260,2026-01-19,0,User 3,35,4684,1750
3999252260,2026-01-26,0,User 3,36,4684,1800
4287597677,2025-05-26,0,User 11,1,0,50
4287597677,2025-06-02,0,User 11,2,0,100
4287597677,2025-06-09,0,User 11,3,0,150
4287597677,2025-06-16,0,User 11,4,0,200
4287597677,2025-06-23,0,User 11,5,0,250
4287597677,2025-06-30,0,User 11,6,0,300
4287597677,2025-07-07,0,User 11,7,0,350
4287597677,2025-07-14,0,User 11,8,0,400
4287597677,2025-07-21,0,User 11,9,0,450
4287597677,2025-07-28,0,User 11,10,0,500
4287597677,2025-08-04,0,User 11,11,0,550
4287597677,2025-08-11,0,User 11,12,0,600
4287597677,2025-08-18,0,User 11,13,0,650
4287597677,2025-08-25,0,User 11,14,0,700
4287597677,2025-09-01,0,User 11,15,0,750
4287597677,2025-09-08,0,User 11,16,0,800
4287597677,2025-09-15,0,User 11,17,0,850
4287597677,2025-09-22,0,User 11,18,0,900
4287597677,2025-09-29,0,User 11,19,0,950
4287597677,2025-10-06,0,User 11,20,0,1000
4287597677,2025-10-13,0,User 11,21,0,1050
4287597677,2025-10-20,162,User 11,22,162,1100
4287597677,2025-10-27,477,User 11,23,639,1150
4287597677,2025-11-03,264,User 11,24,903,1200
4287597677,2025-11-10,557,User 11,25,1460,1250
4287597677,2025-11-17,952,User 11,26,2412,1300
4287597677,2025-11-24,492,User 11,27,2904,1350
4287597677,2025-12-01,381,User 11,28,3285,1400
4287597677,2025-12-08,44,User 11,29,3329,1450
4287597677,2025-12-15,631,User 11,30,3960,1500
4287597677,2025-12-22,309,User 11,31,4269,1550
4287597677,2025-12-29,233,User 11,32,4502,1600
4287597677,2026-01-05,0,User 11,33,4502,1650
4287597677,2026-01-12,0,User 11,34,4502,1700
4287597677,2026-01-19,0,User 11,35,4502,1750
4287597677,2026-01-26,0,User 11,36,4502,1800
4422777416,2025-05-26,0,User 13,1,0,50
4422777416,2025-06-02,0,User 13,2,0,100
4422777416,2025-06-09,0,User 13,3,0,150
4422777416,2025-06-16,0,User 13,4,0,200
4422777416,2025-06-23,0,User 13,5,0,250
4422777416,2025-06-30,0,User 13,6,0,300
4422777416,2025-07-07,210,User 13,7,210,350
4422777416,2025-07-14,114,User 13,8,324,400
4422777416,2025-07-21,194,User 13,9,518,450
4422777416,2025-07-28,182,User 13,10,700,500
4422777416,2025-08-04,250,User 13,11,950,550
4422777416,2025-08-11,30,User 13,12,980,600
4422777416,2025-08-18,211,User 13,13,1191,650
4422777416,2025-08-25,361,User 13,14,1552,700
4422777416,2025-09-01,216,User 13,15,1768,750
4422777416,2025-09-08,49,User 13,16,1817,800
4422777416,2025-09-15,0,User 13,17,1817,850
4422777416,2025-09-22,0,User 13,18,1817,900
4422777416,2025-09-29,0,User 13,19,1817,950
4422777416,2025-10-06,555,User 13,20,2372,1000
4422777416,2025-10-13,216,User 13,21,2588,1050
4422777416,2025-10-20,884,User 13,22,3472,1100
4422777416,2025-10-27,59,User 13,23,3531,1150
4422777416,2025-11-03,318,User 13,24,3849,1200
4422777416,2025-11-10,0,User 13,25,3849,1250
4422777416,2025-11-17,585,User 13,26,4434,1300
4422777416,2025-11-24,0,User 13,27,4434,1350
4422777416,2025-12-01,0,User 13,28,4434,1400
4422777416,2025-12-08,0,User 13,29,4434,1450
4422777416,2025-12-15,0,User 13,30,4434,1500
4422777416,2025-12-22,0,User 13,31,4434,1550
4422777416,2025-12-29,0,User 13,32,4434,1600
4422777416,2026-01-05,0,User 13,33,4434,1650
4422777416,2026-01-12,0,User 13,34,4434,1700
4422777416,2026-01-19,0,User 13,35,4434,1750
4422777416,2026-01-26,0,User 13,36,4434,1800
4783131407,2025-05-26,0,User 34,1,0,50
4783131407,2025-06-02,36,User 34,2,36,100
4783131407,2025-06-09,0,User 34,3,36,150
4783131407,2025-06-16,0,User 34,4,36,200
4783131407,2025-06-23,0,User 34,5,36,250
4783131407,2025-06-30,107,User 34,6,143,300
4783131407,2025-07-07,0,User 34,7,143,350
4783131407,2025-07-14,87,User 34,8,230,400
4783131407,2025-07-21,354,User 34,9,584,450
4783131407,2025-07-28,116,User 34,10,700,500
4783131407,2025-08-04,55,User 34,11,755,550
4783131407,2025-08-11,0,User 34,12,755,600
4783131407,2025-08-18,124,User 34,13,879,650
4783131407,2025-08-25,8,User 34,14,887,700
4783131407,2025-09-01,0,User 34,15,887,750
4783131407,2025-09-08,0,User 34,16,887,800
4783131407,2025-09-15,67,User 34,17,954,850
4783131407,2025-09-22,0,User 34,18,954,900
4783131407,2025-09-29,0,User 34,19,954,950
4783131407,2025-10-06,4,User 34,20,958,1000
4783131407,2025-10-13,225,User 34,21,1183,1050
4783131407,2025-10-20,9,User 34,22,1192,1100
4783131407,2025-10-27,46,User 34,23,1238,1150
4783131407,2025-11-03,70,User 34,24,1308,1200
4783131407,2025-11-10,130,User 34,25,1438,1250
4783131407,2025-11-17,233,User 34,26,1671,1300
4783131407,2025-11-24,108,User 34,27,1779,1350
4783131407,2025-12-01,367,User 34,28,2146,1400
4783131407,2025-12-08,315,User 34,29,2461,1450
4783131407,2025-12-15,89,User 34,30,2550,1500
4783131407,2025-12-22,17,User 34,31,2567,1550
4783131407,2025-12-29,57,User 34,32,2624,1600
4783131407,2026-01-05,400,User 34,33,3024,1650
4783131407,2026-01-12,0,User 34,34,3024,1700
4783131407,2026-01-19,13,User 34,35,3037,1750
4783131407,2026-01-26,95,User 34,36,3132,1800
5000948946,2025-05-26,0,User 33,1,0,50
5000948946,2025-06-02,0,User 33,2,0,100
5000948946,2025-06-09,0,User 33,3,0,150
5000948946,2025-06-16,0,User 33,4,0,200
5000948946,2025-06-23,112,User 33,5,112,250
5000948946,2025-06-30,0,User 33,6,112,300
5000948946,2025-07-07,541,User 33,7,653,350
5000948946,2025-07-14,213,User 33,8,866,400
5000948946,2025-07-21,0,User 33,9,866,450
5000948946,2025-07-28,0,User 33,10,866,500
5000948946,2025-08-04,0,User 33,11,866,550
5000948946,2025-08-11,0,User 33,12,866,600
5000948946,2025-08-18,0,User 33,13,866,650
5000948946,2025-08-25,0,User 33,14,866,700
5000948946,2025-09-01,0,User 33,15,866,750
5000948946,2025-09-08,0,User 33,16,866,800
5000948946,2025-09-15,16,User 33,17,882,850
5000948946,2025-09-22,0,User 33,18,882,900
5000948946,2025-09-29,0,User 33,19,882,950
5000948946,2025-10-06,0,User 33,20,882,1000
5000948946,2025-10-13,0,User 33,21,882,1050
5000948946,2025-10-20,0,User 33,22,882,1100
5000948946,2025-10-27,0,User 33,23,882,1150
5000948946,2025-11-03,0,User 33,24,882,1200
5000948946,2025-11-10,0,User 33,25,882,1250
5000948946,2025-11-17,109,User 33,26,991,1300
5000948946,2025-11-24,134,User 33,27,1125,1350
5000948946,2025-12-01,120,User 33,28,1245,1400
5000948946,2025-12-08,0,User 33,29,1245,1450
5000948946,2025-12-15,53,User 33,30,1298,1500
5000948946,2025-12-22,0,User 33,31,1298,1550
5000948946,2025-12-29,0,User 33,32,1298,1600
5000948946,2026-01-05,0,User 33,33,1298,1650
5000948946,2026-01-12,0,User 33,34,1298,1700
5000948946,2026-01-19,0,User 33,35,1298,1750
5000948946,2026-01-26,0,User 33,36,1298,1800
5236545659,2025-05-26,0,User 18,1,0,50
5236545659,2025-06-02,0,User 18,2,0,100
5236545659,2025-06-09,0,User 18,3,0,150
5236545659,2025-06-16,0,User 18,4,0,200
5236545659,2025-06-23,0,User 18,5,0,250
5236545659,2025-06-30,186,User 18,6,186,300
5236545659,2025-07-07,192,User 18,7,378,350
5236545659,2025-07-14,0,User 18,8,378,400
5236545659,2025-07-21,0,User 18,9,378,450
5236545659,2025-07-28,0,User 18,10,378,500
5236545659,2025-08-04,0,User 18,11,378,550
5236545659,2025-08-11,0,User 18,12,378,600
5236545659,2025-08-18,0,User 18,13,378,650
5236545659,2025-08-25,0,User 18,14,378,700
5236545659,2025-09-01,0,User 18,15,378,750
5236545659,2025-09-08,1,User 18,16,379,800
5236545659,2025-09-15,66,User 18,17,445,850
5236545659,2025-09-22,0,User 18,18,445,900
5236545659,2025-09-29,0,User 18,19,445,950
5236545659,2025-10-06,37,User 18,20,482,1000
5236545659,2025-10-13,0,User 18,21,482,1050
5236545659,2025-10-20,8,User 18,22,490,1100
5236545659,2025-10-27,26,User 18,23,516,1150
5236545659,2025-11-03,95,User 18,24,611,1200
5236545659,2025-11-10,22,User 18,25,633,1250
5236545659,2025-11-17,23,User 18,26,656,1300
5236545659,2025-11-24,110,User 18,27,766,1350
5236545659,2025-12-01,39,User 18,28,805,1400
5236545659,2025-12-08,88,User 18,29,893,1450
5236545659,2025-12-15,323,User 18,30,1216,1500
5236545659,2025-12-22,21,User 18,31,1237,1550
5236545659,2025-12-29,24,User 18,32,1261,1600
5236545659,2026-01-05,101,User 18,33,1362,1650
5236545659,2026-01-12,100,User 18,34,1462,1700
5236545659,2026-01-19,100,User 18,35,1562,1750
5236545659,2026-01-26,73,User 18,36,1635,1800
5257383029,2025-05-26,0,User 7,1,0,50
5257383029,2025-06-02,0,User 7,2,0,100
5257383029,2025-06-09,0,User 7,3,0,150
5257383029,2025-06-16,0,User 7,4,0,200
5257383029,2025-06-23,22,User 7,5,22,250
5257383029,2025-06-30,52,User 7,6,74,300
5257383029,2025-07-07,195,User 7,7,269,350
5257383029,2025-07-14,333,User 7,8,602,400
5257383029,2025-07-21,33,User 7,9,635,450
5257383029,2025-07-28,44,User 7,10,679,500
5257383029,2025-08-04,0,User 7,11,679,550
5257383029,2025-08-11,20,User 7,12,699,600
5257383029,2025-08-18,84,User 7,13,783,650
5257383029,2025-08-25,91,User 7,14,874,700
5257383029,2025-09-01,90,User 7,15,964,750
5257383029,2025-09-08,27,User 7,16,991,800
5257383029,2025-09-15,9,User 7,17,1000,850
5257383029,2025-09-22,0,User 7,18,1000,900
5257383029,2025-09-29,0,User 7,19,1000,950
5257383029,2025-10-06,134,User 7,20,1134,1000
5257383029,2025-10-13,64,User 7,21,1198,1050
5257383029,2025-10-20,22,User 7,22,1220,1100
5257383029,2025-10-27,0,User 7,23,1220,1150
5257383029,2025-11-03,0,User 7,24,1220,1200
5257383029,2025-11-10,259,User 7,25,1479,1250
5257383029,2025-11-17,288,User 7,26,1767,1300
5257383029,2025-11-24,126,User 7,27,1893,1350
5257383029,2025-12-01,305,User 7,28,2198,1400
5257383029,2025-12-08,217,User 7,29,2415,1450
5257383029,2025-12-15,572,User 7,30,2987,1500
5257383029,2025-12-22,10,User 7,31,2997,1550
5257383029,2025-12-29,58,User 7,32,3055,1600
5257383029,2026-01-05,0,User 7,33,3055,1650
5257383029,2026-01-12,0,User 7,34,3055,1700
5257383029,2026-01-19,0,User 7,35,3055,1750
5257383029,2026-01-26,0,User 7,36,3055,1800
5548116764,2025-05-26,0,User 23,1,0,50
5548116764,2025-06-02,0,User 23,2,0,100
5548116764,2025-06-09,0,User 23,3,0,150
5548116764,2025-06-16,0,User 23,4,0,200
5548116764,2025-06-23,0,User 23,5,0,250
5548116764,2025-06-30,154,User 23,6,154,300
5548116764,2025-07-07,175,User 23,7,329,350
5548116764,2025-07-14,373,User 23,8,702,400
5548116764,2025-07-21,108,User 23,9,810,450
5548116764,2025-07-28,398,User 23,10,1208,500
5548116764,2025-08-04,238,User 23,11,1446,550
5548116764,2025-08-11,0,User 23,12,1446,600
5548116764,2025-08-18,287,User 23,13,1733,650
5548116764,2025-08-25,196,User 23,14,1929,700
5548116764,2025-09-01,357,User 23,15,2286,750
5548116764,2025-09-08,289,User 23,16,2575,800
5548116764,2025-09-15,38,User 23,17,2613,850
5548116764,2025-09-22,0,User 23,18,2613,900
5548116764,2025-09-29,0,User 23,19,2613,950
5548116764,2025-10-06,156,User 23,20,2769,1000
5548116764,2025-10-13,316,User 23,21,3085,1050
5548116764,2025-10-20,160,User 23,22,3245,1100
5548116764,2025-10-27,244,User 23,23,3489,1150
5548116764,2025-11-03,183,User 23,24,3672,1200
5548116764,2025-11-10,314,User 23,25,3986,1250
5548116764,2025-11-17,0,User 23,26,3986,1300
5548116764,2025-11-24,0,User 23,27,3986,1350
5548116764,2025-12-01,0,User 23,28,3986,1400
5548116764,2025-12-08,0,User 23,29,3986,1450
5548116764,2025-12-15,0,User 23,30,3986,1500
5548116764,2025-12-22,0,User 23,31,3986,1550
5548116764,2025-12-29,0,User 23,32,3986,1600
5548116764,2026-01-05,0,User 23,33,3986,1650
5548116764,2026-01-12,0,User 23,34,3986,1700
5548116764,2026-01-19,0,User 23,35,3986,1750
5548116764,2026-01-26,0,User 23,36,3986,1800
5628655746,2025-05-26,0,User 16,1,0,50
5628655746,2025-06-02,0,User 16,2,0,100
5628655746,2025-06-09,0,User 16,3,0,150
5628655746,2025-06-16,0,User 16,4,0,200
5628655746,2025-06-23,0,User 16,5,0,250
5628655746,2025-06-30,203,User 16,6,203,300
5628655746,2025-07-07,224,User 16,7,427,350
5628655746,2025-07-14,179,User 16,8,606,400
5628655746,2025-07-21,124,User 16,9,730,450
5628655746,2025-07-28,442,User 16,10,1172,500
5628655746,2025-08-04,308,User 16,11,1480,550
5628655746,2025-08-11,0,User 16,12,1480,600
5628655746,2025-08-18,6,User 16,13,1486,650
5628655746,2025-08-25,15,User 16,14,1501,700
5628655746,2025-09-01,185,User 16,15,1686,750
5628655746,2025-09-08,239,User 16,16,1925,800
5628655746,2025-09-15,1,User 16,17,1926,850
5628655746,2025-09-22,0,User 16,18,1926,900
5628655746,2025-09-29,0,User 16,19,1926,950
5628655746,2025-10-06,292,User 16,20,2218,1000
5628655746,2025-10-13,123,User 16,21,2341,1050
5628655746,2025-10-20,141,User 16,22,2482,1100
5628655746,2025-10-27,120,User 16,23,2602,1150
5628655746,2025-11-03,136,User 16,24,2738,1200
5628655746,2025-11-10,190,User 16,25,2928,1250
5628655746,2025-11-17,33,User 16,26,2961,1300
5628655746,2025-11-24,108,User 16,27,3069,1350
5628655746,2025-12-01,330,User 16,28,3399,1400
5628655746,2025-12-08,131,User 16,29,3530,1450
5628655746,2025-12-15,235,User 16,30,3765,1500
5628655746,2025-12-22,132,User 16,31,3897,1550
5628655746,2025-12-29,352,User 16,32,4249,1600
5628655746,2026-01-05,0,User 16,33,4249,1650
5628655746,2026-01-12,0,User 16,34,4249,1700
5628655746,2026-01-19,0,User 16,35,4249,1750
5628655746,2026-01-26,0,User 16,36,4249,1800
5956355528,2025-05-26,0,User 28,1,0,50
5956355528,2025-06-02,0,User 28,2,0,100
5956355528,2025-06-09,0,User 28,3,0,150
5956355528,2025-06-16,0,User 28,4,0,200
5956355528,2025-06-23,96,User 28,5,96,250
5956355528,2025-06-30,366,User 28,6,462,300
5956355528,2025-07-07,265,User 28,7,727,350
5956355528,2025-07-14,259,User 28,8,986,400
5956355528,2025-07-21,164,User 28,9,1150,450
5956355528,2025-07-28,114,User 28,10,1264,500
5956355528,2025-08-04,0,User 28,11,1264,550
5956355528,2025-08-11,233,User 28,12,1497,600
5956355528,2025-08-18,57,User 28,13,1554,650
5956355528,2025-08-25,54,User 28,14,1608,700
5956355528,2025-09-01,0,User 28,15,1608,750
5956355528,2025-09-08,36,User 28,16,1644,800
5956355528,2025-09-15,331,User 28,17,1975,850
5956355528,2025-09-22,0,User 28,18,1975,900
5956355528,2025-09-29,0,User 28,19,1975,950
5956355528,2025-10-06,48,User 28,20,2023,1000
5956355528,2025-10-13,165,User 28,21,2188,1050
5956355528,2025-10-20,127,User 28,22,2315,1100
5956355528,2025-10-27,31,User 28,23,2346,1150
5956355528,2025-11-03,34,User 28,24,2380,1200
5956355528,2025-11-10,242,User 28,25,2622,1250
5956355528,2025-11-17,258,User 28,26,2880,1300
5956355528,2025-11-24,316,User 28,27,3196,1350
5956355528,2025-12-01,178,User 28,28,3374,1400
5956355528,2025-12-08,0,User 28,29,3374,1450
5956355528,2025-12-15,75,User 28,30,3449,1500
5956355528,2025-12-22,18,User 28,31,3467,1550
5956355528,2025-12-29,56,User 28,32,3523,1600
5956355528,2026-01-05,127,User 28,33,3650,1650
5956355528,2026-01-12,0,User 28,34,3650,1700
5956355528,2026-01-19,53,User 28,35,3703,1750
5956355528,2026-01-26,0,User 28,36,3703,1800
6087135089,2025-05-26,0,User 4,1,0,50
6087135089,2025-06-02,0,User 4,2,0,100
6087135089,2025-06-09,0,User 4,3,0,150
6087135089,2025-06-16,0,User 4,4,0,200
6087135089,2025-06-23,31,User 4,5,31,250
6087135089,2025-06-30,281,User 4,6,312,300
6087135089,2025-07-07,147,User 4,7,459,350
6087135089,2025-07-14,784,User 4,8,1243,400
6087135089,2025-07-21,270,User 4,9,1513,450
6087135089,2025-07-28,251,User 4,10,1764,500
6087135089,2025-08-04,289,User 4,11,2053,550
6087135089,2025-08-11,124,User 4,12,2177,600
6087135089,2025-08-18,93,User 4,13,2270,650
6087135089,2025-08-25,6,User 4,14,2276,700
6087135089,2025-09-01,0,User 4,15,2276,750
6087135089,2025-09-08,12,User 4,16,2288,800
6087135089,2025-09-15,22,User 4,17,2310,850
6087135089,2025-09-22,0,User 4,18,2310,900
6087135089,2025-09-29,0,User 4,19,2310,950
6087135089,2025-10-06,86,User 4,20,2396,1000
6087135089,2025-10-13,42,User 4,21,2438,1050
6087135089,2025-10-20,122,User 4,22,2560,1100
6087135089,2025-10-27,40,User 4,23,2600,1150
6087135089,2025-11-03,381,User 4,24,2981,1200
6087135089,2025-11-10,261,User 4,25,3242,1250
6087135089,2025-11-17,515,User 4,26,3757,1300
6087135089,2025-11-24,218,User 4,27,3975,1350
6087135089,2025-12-01,168,User 4,28,4143,1400
6087135089,2025-12-08,0,User 4,29,4143,1450
6087135089,2025-12-15,0,User 4,30,4143,1500
6087135089,2025-12-22,31,User 4,31,4174,1550
6087135089,2025-12-29,142,User 4,32,4316,1600
6087135089,2026-01-05,127,User 4,33,4443,1650
6087135089,2026-01-12,12,User 4,34,4455,1700
6087135089,2026-01-19,77,User 4,35,4532,1750
6087135089,2026-01-26,0,User 4,36,4532,1800
6194386800,2025-05-26,0,User 21,1,0,50
6194386800,2025-06-02,0,User 21,2,0,100
6194386800,2025-06-09,0,User 21,3,0,150
6194386800,2025-06-16,0,User 21,4,0,200
6194386800,2025-06-23,0,User 21,5,0,250
6194386800,2025-06-30,96,User 21,6,96,300
6194386800,2025-07-07,104,User 21,7,200,350
6194386800,2025-07-14,256,User 21,8,456,400
6194386800,2025-07-21,153,User 21,9,609,450
6194386800,2025-07-28,139,User 21,10,748,500
6194386800,2025-08-04,126,User 21,11,874,550
6194386800,2025-08-11,123,User 21,12,997,600
6194386800,2025-08-18,178,User 21,13,1175,650
6194386800,2025-08-25,195,User 21,14,1370,700
6194386800,2025-09-01,6,User 21,15,1376,750
6194386800,2025-09-08,0,User 21,16,1376,800
6194386800,2025-09-15,8,User 21,17,1384,850
6194386800,2025-09-22,0,User 21,18,1384,900
6194386800,2025-09-29,0,User 21,19,1384,950
6194386800,2025-10-06,0,User 21,20,1384,1000
6194386800,2025-10-13,145,User 21,21,1529,1050
6194386800,2025-10-20,33,User 21,22,1562,1100
6194386800,2025-10-27,121,User 21,23,1683,1150
6194386800,2025-11-03,42,User 21,24,1725,1200
6194386800,2025-11-10,90,User 21,25,1815,1250
6194386800,2025-11-17,212,User 21,26,2027,1300
6194386800,2025-11-24,0,User 21,27,2027,1350
6194386800,2025-12-01,722,User 21,28,2749,1400
6194386800,2025-12-08,186,User 21,29,2935,1450
6194386800,2025-12-15,0,User 21,30,2935,1500
6194386800,2025-12-22,0,User 21,31,2935,1550
6194386800,2025-12-29,0,User 21,32,2935,1600
6194386800,2026-01-05,0,User 21,33,2935,1650
6194386800,2026-01-12,0,User 21,34,2935,1700
6194386800,2026-01-19,0,User 21,35,2935,1750
6194386800,2026-01-26,0,User 21,36,2935,1800
6269779263,2025-05-26,0,User 14,1,0,50
6269779263,2025-06-02,0,User 14,2,0,100
6269779263,2025-06-09,0,User 14,3,0,150
6269779263,2025-06-16,0,User 14,4,0,200
6269779263,2025-06-23,0,User 14,5,0,250
6269779263,2025-06-30,0,User 14,6,0,300
6269779263,2025-07-07,0,User 14,7,0,350
6269779263,2025-07-14,0,User 14,8,0,400
6269779263,2025-07-21,0,User 14,9,0,450
6269779263,2025-07-28,31,User 14,10,31,500
6269779263,2025-08-04,0,User 14,11,31,550
6269779263,2025-08-11,0,User 14,12,31,600
6269779263,2025-08-18,0,User 14,13,31,650
6269779263,2025-08-25,0,User 14,14,31,700
6269779263,2025-09-01,29,User 14,15,60,750
6269779263,2025-09-08,1,User 14,16,61,800
6269779263,2025-09-15,311,User 14,17,372,850
6269779263,2025-09-22,0,User 14,18,372,900
6269779263,2025-09-29,0,User 14,19,372,950
6269779263,2025-10-06,60,User 14,20,432,1000
6269779263,2025-10-13,320,User 14,21,752,1050
6269779263,2025-10-20,235,User 14,22,987,1100
6269779263,2025-10-27,674,User 14,23,1661,1150
6269779263,2025-11-03,1196,User 14,24,2857,1200
6269779263,2025-11-10,400,User 14,25,3257,1250
6269779263,2025-11-17,692,User 14,26,3949,1300
6269779263,2025-11-24,322,User 14,27,4271,1350
6269779263,2025-12-01,117,User 14,28,4388,1400
6269779263,2025-12-08,0,User 14,29,4388,1450
6269779263,2025-12-15,0,User 14,30,4388,1500
6269779263,2025-12-22,0,User 14,31,4388,1550
6269779263,2025-12-29,0,User 14,32,4388,1600
6269779263,2026-01-05,0,User 14,33,4388,1650
6269779263,2026-01-12,0,User 14,34,4388,1700
6269779263,2026-01-19,0,User 14,35,4388,1750
6269779263,2026-01-26,0,User 14,36,4388,1800
6276519827,2025-05-26,0,User 35,1,0,50
6276519827,2025-06-02,0,User 35,2,0,100
6276519827,2025-06-09,0,User 35,3,0,150
6276519827,2025-06-16,0,User 35,4,0,200
6276519827,2025-06-23,0,User 35,5,0,250
6276519827,2025-06-30,0,User 35,6,0,300
6276519827,2025-07-07,179,User 35,7,179,350
6276519827,2025-07-14,176,User 35,8,355,400
6276519827,2025-07-21,124,User 35,9,479,450
6276519827,2025-07-28,124,User 35,10,603,500
6276519827,2025-08-04,42,User 35,11,645,550
6276519827,2025-08-11,128,User 35,12,773,600
6276519827,2025-08-18,107,User 35,13,880,650
6276519827,2025-08-25,22,User 35,14,902,700
6276519827,2025-09-01,0,User 35,15,902,750
6276519827,2025-09-08,0,User 35,16,902,800
6276519827,2025-09-15,8,User 35,17,910,850
6276519827,2025-09-22,0,User 35,18,910,900
6276519827,2025-09-29,0,User 35,19,910,950
6276519827,2025-10-06,41,User 35,20,951,1000
6276519827,2025-10-13,92,User 35,21,1043,1050
6276519827,2025-10-20,42,User 35,22,1085,1100
6276519827,2025-10-27,0,User 35,23,1085,1150
6276519827,2025-11-03,50,User 35,24,1135,1200
6276519827,2025-11-10,97,User 35,25,1232,1250
6276519827,2025-11-17,49,User 35,26,1281,1300
6276519827,2025-11-24,0,User 35,27,1281,1350
6276519827,2025-12-01,1035,User 35,28,2316,1400
6276519827,2025-12-08,71,User 35,29,2387,1450
6276519827,2025-12-15,0,User 35,30,2387,1500
6276519827,2025-12-22,0,User 35,31,2387,1550
6276519827,2025-12-29,0,User 35,32,2387,1600
6276519827,2026-01-05,0,User 35,33,2387,1650
6276519827,2026-01-12,0,User 35,34,2387,1700
6276519827,2026-01-19,0,User 35,35,2387,1750
6276519827,2026-01-26,0,User 35,36,2387,1800
6323599905,2025-05-26,0,User 6,1,0,50
6323599905,2025-06-02,0,User 6,2,0,100
6323599905,2025-06-09,0,User 6,3,0,150
6323599905,2025-06-16,0,User 6,4,0,200
6323599905,2025-06-23,0,User 6,5,0,250
6323599905,2025-06-30,80,User 6,6,80,300
6323599905,2025-07-07,468,User 6,7,548,350
6323599905,2025-07-14,264,User 6,8,812,400
6323599905,2025-07-21,86,User 6,9,898,450
6323599905,2025-07-28,117,User 6,10,1015,500
6323599905,2025-08-04,144,User 6,11,1159,550
6323599905,2025-08-11,0,User 6,12,1159,600
6323599905,2025-08-18,110,User 6,13,1269,650
6323599905,2025-08-25,21,User 6,14,1290,700
6323599905,2025-09-01,105,User 6,15,1395,750
6323599905,2025-09-08,119,User 6,16,1514,800
6323599905,2025-09-15,71,User 6,17,1585,850
6323599905,2025-09-22,0,User 6,18,1585,900
6323599905,2025-09-29,0,User 6,19,1585,950
6323599905,2025-10-06,60,User 6,20,1645,1000
6323599905,2025-10-13,279,User 6,21,1924,1050
6323599905,2025-10-20,207,User 6,22,2131,1100
6323599905,2025-10-27,357,User 6,23,2488,1150
6323599905,2025-11-03,14,User 6,24,2502,1200
6323599905,2025-11-10,1037,User 6,25,3539,1250
6323599905,2025-11-17,184,User 6,26,3723,1300
6323599905,2025-11-24,191,User 6,27,3914,1350
6323599905,2025-12-01,489,User 6,28,4403,1400
6323599905,2025-12-08,119,User 6,29,4522,1450
6323599905,2025-12-15,37,User 6,30,4559,1500
6323599905,2025-12-22,0,User 6,31,4559,1550
6323599905,2025-12-29,0,User 6,32,4559,1600
6323599905,2026-01-05,70,User 6,33,4629,1650
6323599905,2026-01-12,0,User 6,34,4629,1700
6323599905,2026-01-19,0,User 6,35,4629,1750
6323599905,2026-01-26,0,User 6,36,4629,1800
6388150385,2025-05-26,0,User 9,1,0,50
6388150385,2025-06-02,0,User 9,2,0,100
6388150385,2025-06-09,0,User 9,3,0,150
6388150385,2025-06-16,0,User 9,4,0,200
6388150385,2025-06-23,0,User 9,5,0,250
6388150385,2025-06-30,112,User 9,6,112,300
6388150385,2025-07-07,0,User 9,7,112,350
6388150385,2025-07-14,206,User 9,8,318,400
6388150385,2025-07-21,275,User 9,9,593,450
6388150385,2025-07-28,155,User 9,10,748,500
6388150385,2025-08-04,284,User 9,11,1032,550
6388150385,2025-08-11,116,User 9,12,1148,600
6388150385,2025-08-18,308,User 9,13,1456,650
6388150385,2025-08-25,290,User 9,14,1746,700
6388150385,2025-09-01,226,User 9,15,1972,750
6388150385,2025-09-08,42,User 9,16,2014,800
6388150385,2025-09-15,85,User 9,17,2099,850
6388150385,2025-09-22,0,User 9,18,2099,900
6388150385,2025-09-29,0,User 9,19,2099,950
6388150385,2025-10-06,0,User 9,20,2099,1000
6388150385,2025-10-13,350,User 9,21,2449,1050
6388150385,2025-10-20,649,User 9,22,3098,1100
6388150385,2025-10-27,341,User 9,23,3439,1150
6388150385,2025-11-03,252,User 9,24,3691,1200
6388150385,2025-11-10,110,User 9,25,3801,1250
6388150385,2025-11-17,71,User 9,26,3872,1300
6388150385,2025-11-24,154,User 9,27,4026,1350
6388150385,2025-12-01,498,User 9,28,4524,1400
6388150385,2025-12-08,33,User 9,29,4557,1450
6388150385,2025-12-15,0,User 9,30,4557,1500
6388150385,2025-12-22,0,User 9,31,4557,1550
6388150385,2025-12-29,0,User 9,32,4557,1600
6388150385,2026-01-05,0,User 9,33,4557,1650
6388150385,2026-01-12,0,User 9,34,4557,1700
6388150385,2026-01-19,0,User 9,35,4557,1750
6388150385,2026-01-26,0,User 9,36,4557,1800
7111263081,2025-05-26,0,User 30,1,0,50
7111263081,2025-06-02,0,User 30,2,0,100
7111263081,2025-06-09,0,User 30,3,0,150
7111263081,2025-06-16,0,User 30,4,0,200
7111263081,2025-06-23,4,User 30,5,4,250
7111263081,2025-06-30,790,User 30,6,794,300
7111263081,2025-07-07,234,User 30,7,1028,350
7111263081,2025-07-14,166,User 30,8,1194,400
7111263081,2025-07-21,409,User 30,9,1603,450
7111263081,2025-07-28,42,User 30,10,1645,500
7111263081,2025-08-04,212,User 30,11,1857,550
7111263081,2025-08-11,217,User 30,12,2074,600
7111263081,2025-08-18,471,User 30,13,2545,650
7111263081,2025-08-25,150,User 30,14,2695,700
7111263081,2025-09-01,93,User 30,15,2788,750
7111263081,2025-09-08,111,User 30,16,2899,800
7111263081,2025-09-15,78,User 30,17,2977,850
7111263081,2025-09-22,0,User 30,18,2977,900
7111263081,2025-09-29,0,User 30,19,2977,950
7111263081,2025-10-06,0,User 30,20,2977,1000
7111263081,2025-10-13,191,User 30,21,3168,1050
7111263081,2025-10-20,52,User 30,22,3220,1100
7111263081,2025-10-27,81,User 30,23,3301,1150
7111263081,2025-11-03,39,User 30,24,3340,1200
7111263081,2025-11-10,29,User 30,25,3369,1250
7111263081,2025-11-17,16,User 30,26,3385,1300
7111263081,2025-11-24,8,User 30,27,3393,1350
7111263081,2025-12-01,14,User 30,28,3407,1400
7111263081,2025-12-08,0,User 30,29,3407,1450
7111263081,2025-12-15,0,User 30,30,3407,1500
7111263081,2025-12-22,0,User 30,31,3407,1550
7111263081,2025-12-29,2,User 30,32,3409,1600
7111263081,2026-01-05,0,User 30,33,3409,1650
7111263081,2026-01-12,0,User 30,34,3409,1700
7111263081,2026-01-19,9,User 30,35,3418,1750
7111263081,2026-01-26,4,User 30,36,3422,1800
7248628401,2025-05-26,0,User 24,1,0,50
7248628401,2025-06-02,0,User 24,2,0,100
7248628401,2025-06-09,0,User 24,3,0,150
7248628401,2025-06-16,0,User 24,4,0,200
7248628401,2025-06-23,0,User 24,5,0,250
7248628401,2025-06-30,144,User 24,6,144,300
7248628401,2025-07-07,0,User 24,7,144,350
7248628401,2025-07-14,81,User 24,8,225,400
7248628401,2025-07-21,162,User 24,9,387,450
7248628401,2025-07-28,66,User 24,10,453,500
7248628401,2025-08-04,136,User 24,11,589,550
7248628401,2025-08-11,0,User 24,12,589,600
7248628401,2025-08-18,101,User 24,13,690,650
7248628401,2025-08-25,78,User 24,14,768,700
7248628401,2025-09-01,56,User 24,15,824,750
7248628401,2025-09-08,24,User 24,16,848,800
7248628401,2025-09-15,84,User 24,17,932,850
7248628401,2025-09-22,0,User 24,18,932,900
7248628401,2025-09-29,0,User 24,19,932,950
7248628401,2025-10-06,0,User 24,20,932,1000
7248628401,2025-10-13,204,User 24,21,1136,1050
7248628401,2025-10-20,630,User 24,22,1766,1100
7248628401,2025-10-27,410,User 24,23,2176,1150
7248628401,2025-11-03,375,User 24,24,2551,1200
7248628401,2025-11-10,164,User 24,25,2715,1250
7248628401,2025-11-17,90,User 24,26,2805,1300
7248628401,2025-11-24,243,User 24,27,3048,1350
7248628401,2025-12-01,222,User 24,28,3270,1400
7248628401,2025-12-08,173,User 24,29,3443,1450
7248628401,2025-12-15,171,User 24,30,3614,1500
7248628401,2025-12-22,0,User 24,31,3614,1550
7248628401,2025-12-29,119,User 24,32,3733,1600
7248628401,2026-01-05,127,User 24,33,3860,1650
7248628401,2026-01-12,0,User 24,34,3860,1700
7248628401,2026-01-19,4,User 24,35,3864,1750
7248628401,2026-01-26,32,User 24,36,3896,1800
7628667643,2025-05-26,0,User 15,1,0,50
7628667643,2025-06-02,0,User 15,2,0,100
7628667643,2025-06-09,0,User 15,3,0,150
7628667643,2025-06-16,0,User 15,4,0,200
7628667643,2025-06-23,0,User 15,5,0,250
7628667643,2025-06-30,0,User 15,6,0,300
7628667643,2025-07-07,497,User 15,7,497,350
7628667643,2025-07-14,332,User 15,8,829,400
7628667643,2025-07-21,372,User 15,9,1201,450
7628667643,2025-07-28,338,User 15,10,1539,500
7628667643,2025-08-04,360,User 15,11,1899,550
7628667643,2025-08-11,441,User 15,12,2340,600
7628667643,2025-08-18,97,User 15,13,2437,650
7628667643,2025-08-25,68,User 15,14,2505,700
7628667643,2025-09-01,0,User 15,15,2505,750
7628667643,2025-09-08,0,User 15,16,2505,800
7628667643,2025-09-15,38,User 15,17,2543,850
7628667643,2025-09-22,0,User 15,18,2543,900
7628667643,2025-09-29,0,User 15,19,2543,950
7628667643,2025-10-06,30,User 15,20,2573,1000
7628667643,2025-10-13,30,User 15,21,2603,1050
7628667643,2025-10-20,24,User 15,22,2627,1100
7628667643,2025-10-27,44,User 15,23,2671,1150
7628667643,2025-11-03,213,User 15,24,2884,1200
7628667643,2025-11-10,97,User 15,25,2981,1250
7628667643,2025-11-17,268,User 15,26,3249,1300
7628667643,2025-11-24,54,User 15,27,3303,1350
7628667643,2025-12-01,67,User 15,28,3370,1400
7628667643,2025-12-08,0,User 15,29,3370,1450
7628667643,2025-12-15,0,User 15,30,3370,1500
7628667643,2025-12-22,0,User 15,31,3370,1550
7628667643,2025-12-29,465,User 15,32,3835,1600
7628667643,2026-01-05,82,User 15,33,3917,1650
7628667643,2026-01-12,23,User 15,34,3940,1700
7628667643,2026-01-19,0,User 15,35,3940,1750
7628667643,2026-01-26,9,User 15,36,3949,1800
7630811153,2025-05-26,0,User 27,1,0,50
7630811153,2025-06-02,0,User 27,2,0,100
7630811153,2025-06-09,0,User 27,3,0,150
7630811153,2025-06-16,0,User 27,4,0,200
7630811153,2025-06-23,0,User 27,5,0,250
7630811153,2025-06-30,90,User 27,6,90,300
7630811153,2025-07-07,91,User 27,7,181,350
7630811153,2025-07-14,388,User 27,8,569,400
7630811153,2025-07-21,24,User 27,9,593,450
7630811153,2025-07-28,258,User 27,10,851,500
7630811153,2025-08-04,321,User 27,11,1172,550
7630811153,2025-08-11,153,User 27,12,1325,600
7630811153,2025-08-18,41,User 27,13,1366,650
7630811153,2025-08-25,0,User 27,14,1366,700
7630811153,2025-09-01,102,User 27,15,1468,750
7630811153,2025-09-08,0,User 27,16,1468,800
7630811153,2025-09-15,15,User 27,17,1483,850
7630811153,2025-09-22,0,User 27,18,1483,900
7630811153,2025-09-29,0,User 27,19,1483,950
7630811153,2025-10-06,29,User 27,20,1512,1000
7630811153,2025-10-13,122,User 27,21,1634,1050
7630811153,2025-10-20,0,User 27,22,1634,1100
7630811153,2025-10-27,42,User 27,23,1676,1150
7630811153,2025-11-03,135,User 27,24,1811,1200
7630811153,2025-11-10,53,User 27,25,1864,1250
7630811153,2025-11-17,78,User 27,26,1942,1300
7630811153,2025-11-24,41,User 27,27,1983,1350
7630811153,2025-12-01,342,User 27,28,2325,1400
7630811153,2025-12-08,309,User 27,29,2634,1450
7630811153,2025-12-15,236,User 27,30,2870,1500
7630811153,2025-12-22,165,User 27,31,3035,1550
7630811153,2025-12-29,17,User 27,32,3052,1600
7630811153,2026-01-05,72,User 27,33,3124,1650
7630811153,2026-01-12,12,User 27,34,3136,1700
7630811153,2026-01-19,382,User 27,35,3518,1750
7630811153,2026-01-26,87,User 27,36,3605,1800
7785344866,2025-05-26,0,User 29,1,0,50
7785344866,2025-06-02,0,User 29,2,0,100
7785344866,2025-06-09,0,User 29,3,0,150
7785344866,2025-06-16,0,User 29,4,0,200
7785344866,2025-06-23,25,User 29,5,25,250
7785344866,2025-06-30,172,User 29,6,197,300
7785344866,2025-07-07,211,User 29,7,408,350
7785344866,2025-07-14,571,User 29,8,979,400
7785344866,2025-07-21,0,User 29,9,979,450
7785344866,2025-07-28,0,User 29,10,979,500
7785344866,2025-08-04,0,User 29,11,979,550
7785344866,2025-08-11,0,User 29,12,979,600
7785344866,2025-08-18,0,User 29,13,979,650
7785344866,2025-08-25,0,User 29,14,979,700
7785344866,2025-09-01,0,User 29,15,979,750
7785344866,2025-09-08,0,User 29,16,979,800
7785344866,2025-09-15,8,User 29,17,987,850
7785344866,2025-09-22,0,User 29,18,987,900
7785344866,2025-09-29,0,User 29,19,987,950
7785344866,2025-10-06,0,User 29,20,987,1000
7785344866,2025-10-13,154,User 29,21,1141,1050
7785344866,2025-10-20,71,User 29,22,1212,1100
7785344866,2025-10-27,0,User 29,23,1212,1150
7785344866,2025-11-03,0,User 29,24,1212,1200
7785344866,2025-11-10,182,User 29,25,1394,1250
7785344866,2025-11-17,111,User 29,26,1505,1300
7785344866,2025-11-24,0,User 29,27,1505,1350
7785344866,2025-12-01,1009,User 29,28,2514,1400
7785344866,2025-12-08,0,User 29,29,2514,1450
7785344866,2025-12-15,0,User 29,30,2514,1500
7785344866,2025-12-22,0,User 29,31,2514,1550
7785344866,2025-12-29,0,User 29,32,2514,1600
7785344866,2026-01-05,0,User 29,33,2514,1650
7785344866,2026-01-12,0,User 29,34,2514,1700
7785344866,2026-01-19,0,User 29,35,2514,1750
7785344866,2026-01-26,0,User 29,36,2514,1800
8000681287,2025-05-26,0,User 10,1,0,50
8000681287,2025-06-02,0,User 10,2,0,100
8000681287,2025-06-09,0,User 10,3,0,150
8000681287,2025-06-16,0,User 10,4,0,200
8000681287,2025-06-23,80,User 10,5,80,250
8000681287,2025-06-30,60,User 10,6,140,300
8000681287,2025-07-07,350,User 10,7,490,350
8000681287,2025-07-14,195,User 10,8,685,400
8000681287,2025-07-21,185,User 10,9,870,450
8000681287,2025-07-28,98,User 10,10,968,500
8000681287,2025-08-04,42,User 10,11,1010,550
8000681287,2025-08-11,0,User 10,12,1010,600
8000681287,2025-08-18,0,User 10,13,1010,650
8000681287,2025-08-25,0,User 10,14,1010,700
8000681287,2025-09-01,0,User 10,15,1010,750
8000681287,2025-09-08,0,User 10,16,1010,800
8000681287,2025-09-15,0,User 10,17,1010,850
8000681287,2025-09-22,0,User 10,18,1010,900
8000681287,2025-09-29,0,User 10,19,1010,950
8000681287,2025-10-06,0,User 10,20,1010,1000
8000681287,2025-10-13,0,User 10,21,1010,1050
8000681287,2025-10-20,0,User 10,22,1010,1100
8000681287,2025-10-27,154,User 10,23,1164,1150
8000681287,2025-11-03,255,User 10,24,1419,1200
8000681287,2025-11-10,713,User 10,25,2132,1250
8000681287,2025-11-17,151,User 10,26,2283,1300
8000681287,2025-11-24,33,User 10,27,2316,1350
8000681287,2025-12-01,241,User 10,28,2557,1400
8000681287,2025-12-08,646,User 10,29,3203,1450
8000681287,2025-12-15,169,User 10,30,3372,1500
8000681287,2025-12-22,34,User 10,31,3406,1550
8000681287,2025-12-29,0,User 10,32,3406,1600
8000681287,2026-01-05,17,User 10,33,3423,1650
8000681287,2026-01-12,0,User 10,34,3423,1700
8000681287,2026-01-19,0,User 10,35,3423,1750
8000681287,2026-01-26,0,User 10,36,3423,1800
8297273342,2025-05-26,0,User 25,1,0,50
8297273342,2025-06-02,0,User 25,2,0,100
8297273342,2025-06-09,0,User 25,3,0,150
8297273342,2025-06-16,0,User 25,4,0,200
8297273342,2025-06-23,0,User 25,5,0,250
8297273342,2025-06-30,0,User 25,6,0,300
8297273342,2025-07-07,0,User 25,7,0,350
8297273342,2025-07-14,0,User 25,8,0,400
8297273342,2025-07-21,0,User 25,9,0,450
8297273342,2025-07-28,0,User 25,10,0,500
8297273342,2025-08-04,0,User 25,11,0,550
8297273342,2025-08-11,0,User 25,12,0,600
8297273342,2025-08-18,106,User 25,13,106,650
8297273342,2025-08-25,0,User 25,14,106,700
8297273342,2025-09-01,151,User 25,15,257,750
8297273342,2025-09-08,78,User 25,16,335,800
8297273342,2025-09-15,18,User 25,17,353,850
8297273342,2025-09-22,0,User 25,18,353,900
8297273342,2025-09-29,0,User 25,19,353,950
8297273342,2025-10-06,287,User 25,20,640,1000
8297273342,2025-10-13,836,User 25,21,1476,1050
8297273342,2025-10-20,108,User 25,22,1584,1100
8297273342,2025-10-27,0,User 25,23,1584,1150
8297273342,2025-11-03,0,User 25,24,1584,1200
8297273342,2025-11-10,50,User 25,25,1634,1250
8297273342,2025-11-17,521,User 25,26,2155,1300
8297273342,2025-11-24,478,User 25,27,2633,1350
8297273342,2025-12-01,321,User 25,28,2954,1400
8297273342,2025-12-08,131,User 25,29,3085,1450
8297273342,2025-12-15,121,User 25,30,3206,1500
8297273342,2025-12-22,165,User 25,31,3371,1550
8297273342,2025-12-29,391,User 25,32,3762,1600
8297273342,2026-01-05,0,User 25,33,3762,1650
8297273342,2026-01-12,0,User 25,34,3762,1700
8297273342,2026-01-19,0,User 25,35,3762,1750
8297273342,2026-01-26,27,User 25,36,3789,1800
8709978620,2025-05-26,0,User 22,1,0,50
8709978620,2025-06-02,0,User 22,2,0,100
8709978620,2025-06-09,0,User 22,3,0,150
8709978620,2025-06-16,0,User 22,4,0,200
8709978620,2025-06-23,0,User 22,5,0,250
8709978620,2025-06-30,0,User 22,6,0,300
8709978620,2025-07-07,0,User 22,7,0,350
8709978620,2025-07-14,202,User 22,8,202,400
8709978620,2025-07-21,0,User 22,9,202,450
8709978620,2025-07-28,210,User 22,10,412,500
8709978620,2025-08-04,0,User 22,11,412,550
8709978620,2025-08-11,0,User 22,12,412,600
8709978620,2025-08-18,287,User 22,13,699,650
8709978620,2025-08-25,572,User 22,14,1271,700
8709978620,2025-09-01,106,User 22,15,1377,750
8709978620,2025-09-08,0,User 22,16,1377,800
8709978620,2025-09-15,282,User 22,17,1659,850
8709978620,2025-09-22,0,User 22,18,1659,900
8709978620,2025-09-29,0,User 22,19,1659,950
8709978620,2025-10-06,229,User 22,20,1888,1000
8709978620,2025-10-13,190,User 22,21,2078,1050
8709978620,2025-10-20,0,User 22,22,2078,1100
8709978620,2025-10-27,0,User 22,23,2078,1150
8709978620,2025-11-03,227,User 22,24,2305,1200
8709978620,2025-11-10,691,User 22,25,2996,1250
8709978620,2025-11-17,0,User 22,26,2996,1300
8709978620,2025-11-24,228,User 22,27,3224,1350
8709978620,2025-12-01,0,User 22,28,3224,1400
8709978620,2025-12-08,0,User 22,29,3224,1450
8709978620,2025-12-15,239,User 22,30,3463,1500
8709978620,2025-12-22,0,User 22,31,3463,1550
8709978620,2025-12-29,348,User 22,32,3811,1600
8709978620,2026-01-05,0,User 22,33,3811,1650
8709978620,2026-01-12,0,User 22,34,3811,1700
8709978620,2026-01-19,0,User 22,35,3811,1750
8709978620,2026-01-26,0,User 22,36,3811,1800
8796529661,2025-05-26,0,User 12,1,0,50
8796529661,2025-06-02,0,User 12,2,0,100
8796529661,2025-06-09,0,User 12,3,0,150
8796529661,2025-06-16,0,User 12,4,0,200
8796529661,2025-06-23,0,User 12,5,0,250
8796529661,2025-06-30,0,User 12,6,0,300
8796529661,2025-07-07,0,User 12,7,0,350
8796529661,2025-07-14,0,User 12,8,0,400
8796529661,2025-07-21,0,User 12,9,0,450
8796529661,2025-07-28,0,User 12,10,0,500
8796529661,2025-08-04,47,User 12,11,47,550
8796529661,2025-08-11,35,User 12,12,82,600
8796529661,2025-08-18,71,User 12,13,153,650
8796529661,2025-08-25,260,User 12,14,413,700
8796529661,2025-09-01,0,User 12,15,413,750
8796529661,2025-09-08,144,User 12,16,557,800
8796529661,2025-09-15,155,User 12,17,712,850
8796529661,2025-09-22,0,User 12,18,712,900
8796529661,2025-09-29,0,User 12,19,712,950
8796529661,2025-10-06,0,User 12,20,712,1000
8796529661,2025-10-13,276,User 12,21,988,1050
8796529661,2025-10-20,320,User 12,22,1308,1100
8796529661,2025-10-27,105,User 12,23,1413,1150
8796529661,2025-11-03,184,User 12,24,1597,1200
8796529661,2025-11-10,116,User 12,25,1713,1250
8796529661,2025-11-17,594,User 12,26,2307,1300
8796529661,2025-11-24,543,User 12,27,2850,1350
8796529661,2025-12-01,204,User 12,28,3054,1400
8796529661,2025-12-08,222,User 12,29,3276,1450
8796529661,2025-12-15,184,User 12,30,3460,1500
8796529661,2025-12-22,0,User 12,31,3460,1550
8796529661,2025-12-29,145,User 12,32,3605,1600
8796529661,2026-01-05,399,User 12,33,4004,1650
8796529661,2026-01-12,0,User 12,34,4004,1700
8796529661,2026-01-19,0,User 12,35,4004,1750
8796529661,2026-01-26,178,User 12,36,4182,1800
9190435843,2025-05-26,0,User 26,1,0,50
9190435843,2025-06-02,0,User 26,2,0,100
9190435843,2025-06-09,0,User 26,3,0,150
9190435843,2025-06-16,0,User 26,4,0,200
9190435843,2025-06-23,0,User 26,5,0,250
9190435843,2025-06-30,48,User 26,6,48,300
9190435843,2025-07-07,0,User 26,7,48,350
9190435843,2025-07-14,68,User 26,8,116,400
9190435843,2025-07-21,98,User 26,9,214,450
9190435843,2025-07-28,17,User 26,10,231,500
9190435843,2025-08-04,125,User 26,11,356,550
9190435843,2025-08-11,135,User 26,12,491,600
9190435843,2025-08-18,12,User 26,13,503,650
9190435843,2025-08-25,108,User 26,14,611,700
9190435843,2025-09-01,351,User 26,15,962,750
9190435843,2025-09-08,154,User 26,16,1116,800
9190435843,2025-09-15,64,User 26,17,1180,850
9190435843,2025-09-22,0,User 26,18,1180,900
9190435843,2025-09-29,0,User 26,19,1180,950
9190435843,2025-10-06,0,User 26,20,1180,1000
9190435843,2025-10-13,190,User 26,21,1370,1050
9190435843,2025-10-20,617,User 26,22,1987,1100
9190435843,2025-10-27,440,User 26,23,2427,1150
9190435843,2025-11-03,275,User 26,24,2702,1200
9190435843,2025-11-10,101,User 26,25,2803,1250
9190435843,2025-11-17,21,User 26,26,2824,1300
9190435843,2025-11-24,141,User 26,27,2965,1350
9190435843,2025-12-01,261,User 26,28,3226,1400
9190435843,2025-12-08,155,User 26,29,3381,1450
9190435843,2025-12-15,69,User 26,30,3450,1500
9190435843,2025-12-22,0,User 26,31,3450,1550
9190435843,2025-12-29,0,User 26,32,3450,1600
9190435843,2026-01-05,170,User 26,33,3620,1650
9190435843,2026-01-12,0,User 26,34,3620,1700
9190435843,2026-01-19,0,User 26,35,3620,1750
9190435843,2026-01-26,40,User 26,36,3660,1800
9341592812,2025-05-26,0,User 19,1,0,50
9341592812,2025-06-02,0,User 19,2,0,100
9341592812,2025-06-09,0,User 19,3,0,150
9341592812,2025-06-16,0,User 19,4,0,200
9341592812,2025-06-23,0,User 19,5,0,250
9341592812,2025-06-30,0,User 19,6,0,300
9341592812,2025-07-07,0,User 19,7,0,350
9341592812,2025-07-14,96,User 19,8,96,400
9341592812,2025-07-21,138,User 19,9,234,450
9341592812,2025-07-28,239,User 19,10,473,500
9341592812,2025-08-04,164,User 19,11,637,550
9341592812,2025-08-11,78,User 19,12,715,600
9341592812,2025-08-18,78,User 19,13,793,650
9341592812,2025-08-25,67,User 19,14,860,700
9341592812,2025-09-01,81,User 19,15,941,750
9341592812,2025-09-08,123,User 19,16,1064,800
9341592812,2025-09-15,53,User 19,17,1117,850
9341592812,2025-09-22,0,User 19,18,1117,900
9341592812,2025-09-29,0,User 19,19,1117,950
9341592812,2025-10-06,251,User 19,20,1368,1000
9341592812,2025-10-13,140,User 19,21,1508,1050
9341592812,2025-10-20,195,User 19,22,1703,1100
9341592812,2025-10-27,42,User 19,23,1745,1150
9341592812,2025-11-03,0,User 19,24,1745,1200
9341592812,2025-11-10,145,User 19,25,1890,1250
9341592812,2025-11-17,400,User 19,26,2290,1300
9341592812,2025-11-24,29,User 19,27,2319,1350
9341592812,2025-12-01,351,User 19,28,2670,1400
9341592812,2025-12-08,0,User 19,29,2670,1450
9341592812,2025-12-15,207,User 19,30,2877,1500
9341592812,2025-12-22,34,User 19,31,2911,1550
9341592812,2025-12-29,0,User 19,32,2911,1600
9341592812,2026-01-05,461,User 19,33,3372,1650
9341592812,2026-01-12,0,User 19,34,3372,1700
9341592812,2026-01-19,0,User 19,35,3372,1750
9341592812,2026-01-26,428,User 19,36,3800,1800
